/*******************************************************************************
 * Size: 28 px
 * Bpp: 4
 * Opts: --size 28 --bpp 4 --format lvgl -o .\src\fonts\lv_font_roboto_hu_28.c --font C:\Users\gidan\Desktop\LVGL_ILI9488_TS\fonts\RobotoCondensed-SemiBold.ttf --range 0x20 --symbols ABCDEFGHIJKLMNOPQRSTUVWXYZabcdefghijklmnopqrstuvwxyz0123456789ÁÉÍÓÖŐÚÜŰáéíóöőúüűÄÖÜẞäöüßÀÁÂÃÅÆÇÈÉÊËÌÍÎÏÐÑÒÓÔÕØÙÚÛÝÞàáâãåæçèéêëìíîïðñòóôõøùúûýþÿĄĆĘŁŃŚŹŻąćęłńśźż.,:;!?'"„”‘’‚‛«»‹›-–—_/()[]{}<>|@#$%^&*+=~`°•…§¶©®™€µΩ∞≈≠≤≥±÷×√∑∏♥♪♫✔✖★☆✦✧ --lv-font-name lv_font_roboto_hu_28 --lv-include lvgl.h
 ******************************************************************************/

#ifdef LV_LVGL_H_INCLUDE_SIMPLE
#include "lvgl.h"
#else
#include "lvgl.h"
#endif

#ifndef LV_FONT_ROBOTO_HU_28
#define LV_FONT_ROBOTO_HU_28 1
#endif

#if LV_FONT_ROBOTO_HU_28

/*-----------------
 *    BITMAPS
 *----------------*/

/*Store the image of the glyphs*/
static LV_ATTRIBUTE_LARGE_CONST const uint8_t glyph_bitmap[] = {
    /* U+0020 " " */

    /* U+0021 "!" */
    0x2f, 0xfa, 0x0, 0x37, 0x98, 0x7, 0xf0, 0x80,
    0x42, 0x1, 0xfc, 0x60, 0x1f, 0xc2, 0x2, 0x1,
    0xf3, 0x81, 0x80, 0x7f, 0x39, 0x10, 0x42, 0xb7,
    0x44, 0x1, 0xe7, 0xdb, 0x12, 0x82, 0x49, 0x0,
    0xe2, 0x60, 0x29,

    /* U+0022 "\"" */
    0xef, 0xa0, 0x9f, 0xf0, 0x7, 0xf1, 0x80, 0x42,
    0x0, 0x10, 0x8, 0x80, 0x1c, 0x1, 0x38, 0x0,
    0xc0, 0x22, 0x0, 0x30, 0x4, 0x35, 0x43, 0xa,
    0xa8,

    /* U+0023 "#" */
    0x0, 0xc5, 0xfe, 0x10, 0xdf, 0x60, 0xf, 0x30,
    0x0, 0x40, 0x80, 0x80, 0x3c, 0x60, 0x60, 0x40,
    0x5, 0x0, 0xf7, 0x3, 0x3, 0x0, 0x4, 0x3,
    0xca, 0x1a, 0x6, 0x4, 0x1, 0x8d, 0x10, 0x41,
    0xe9, 0xa0, 0x28, 0x80, 0x6, 0x5d, 0x84, 0x1e,
    0xd4, 0xe, 0xec, 0x1, 0xff, 0xc4, 0xff, 0x50,
    0xf, 0xf8, 0x1, 0x9f, 0xe0, 0xd, 0xa0, 0xa0,
    0x60, 0x2, 0x0, 0xf1, 0x1, 0x3, 0x0, 0x88,
    0x3, 0xce, 0x1c, 0x4, 0x4, 0x1, 0xb3, 0xfc,
    0x41, 0x1f, 0x0, 0x7f, 0xe2, 0x0, 0xff, 0xe1,
    0xfd, 0xc0, 0x2, 0xec, 0x0, 0x8b, 0xb1, 0x1,
    0xa0, 0x81, 0x22, 0x80, 0x15, 0x10, 0x1, 0xbc,
    0x18, 0x8, 0x0, 0x40, 0x1e, 0x20, 0x30, 0x50,
    0x20, 0xf, 0x98, 0x38, 0x38, 0x18, 0x3, 0xe2,
    0x5, 0x3, 0x3, 0x0, 0xe0,

    /* U+0024 "$" */
    0x0, 0xe4, 0x83, 0x0, 0xfe, 0xd7, 0x40, 0xf,
    0xfe, 0x9a, 0x5b, 0x4, 0xc8, 0x40, 0x34, 0x5a,
    0x0, 0x5, 0xbc, 0x80, 0x8, 0xe0, 0x1e, 0x1f,
    0x0, 0x78, 0x0, 0x77, 0xd8, 0x0, 0x48, 0x8,
    0x0, 0x72, 0x8, 0x0, 0xb0, 0x3, 0x70, 0x0,
    0x48, 0x0, 0x40, 0x20, 0xd, 0x0, 0xba, 0xed,
    0x20, 0xa0, 0x5, 0x50, 0x0, 0xd1, 0x6, 0x10,
    0x1, 0x55, 0x98, 0x7, 0x1c, 0x80, 0x49, 0x94,
    0x20, 0x19, 0xb0, 0xc0, 0x25, 0xf2, 0x0, 0xc7,
    0x96, 0x60, 0x1, 0xc0, 0xf, 0x26, 0x30, 0x0,
    0x58, 0xd1, 0x20, 0xa, 0x40, 0x2c, 0x9b, 0xb5,
    0x0, 0x63, 0x0, 0x9, 0x0, 0x4, 0x40, 0x11,
    0x0, 0x6, 0xc0, 0x2b, 0x0, 0x38, 0x80, 0x34,
    0xcc, 0x0, 0x5f, 0xe8, 0x0, 0x98, 0x34, 0x80,
    0x21, 0x0, 0xac, 0x40, 0x76, 0xc, 0x0, 0x2d,
    0xa8, 0x1, 0x9f, 0x8, 0x32, 0x48, 0x3, 0xff,
    0x8f, 0x6e, 0x60, 0x18,

    /* U+0025 "%" */
    0x1, 0xbf, 0xf5, 0x90, 0x7, 0xfb, 0x10, 0x0,
    0x98, 0x20, 0x1f, 0x98, 0x82, 0xec, 0x2, 0xc0,
    0x1, 0xa2, 0x0, 0xbc, 0xd, 0x12, 0xd, 0x0,
    0x42, 0xc0, 0x4, 0x60, 0xe0, 0x1, 0x1, 0x2,
    0x60, 0x80, 0x8, 0xc1, 0xc0, 0x2, 0x2, 0x10,
    0xc, 0x40, 0x17, 0x81, 0xaa, 0x20, 0x34, 0xd4,
    0x20, 0x3, 0x31, 0x5, 0x58, 0xb, 0x78, 0x40,
    0x80, 0x76, 0x28, 0x1, 0x31, 0x4c, 0x5c, 0x3,
    0xc3, 0x5f, 0xeb, 0x29, 0x8, 0x0, 0xff, 0xe0,
    0x29, 0x11, 0x80, 0x44, 0x1, 0xfd, 0x61, 0x7,
    0xbd, 0xcc, 0x20, 0xf, 0x38, 0x9a, 0x61, 0x0,
    0xf, 0x0, 0x3d, 0x21, 0x12, 0x3, 0xb8, 0x2,
    0xc0, 0x1a, 0x5, 0x10, 0x60, 0x84, 0x66, 0xf,
    0x0, 0x85, 0xc2, 0x0, 0x23, 0x0, 0x38, 0x7,
    0x40, 0x29, 0x80, 0x44, 0x0, 0x70, 0xe, 0x10,
    0x80, 0x6, 0x2, 0x24, 0x61, 0x80, 0x14, 0x71,
    0x0, 0x18, 0x42, 0xec, 0x4, 0xa0, 0x18, 0x40,
    0x21, 0xc4, 0x0, 0x26, 0x0,

    /* U+0026 "&" */
    0x0, 0x8e, 0xff, 0xd8, 0xa0, 0x1f, 0x97, 0x10,
    0x0, 0x74, 0xe0, 0x1f, 0x58, 0x7, 0xa0, 0x80,
    0x39, 0x44, 0x1, 0xbe, 0x60, 0x4, 0x0, 0xe2,
    0x0, 0x21, 0x5, 0x80, 0x38, 0x3, 0xbc, 0x3,
    0xbc, 0x1, 0xc0, 0x1d, 0xa0, 0x4, 0x12, 0x60,
    0x3, 0x80, 0x72, 0x88, 0x3, 0x74, 0x21, 0x2,
    0x1, 0xe9, 0x0, 0x18, 0x2, 0x1c, 0x3, 0xe6,
    0x0, 0xd2, 0xe0, 0x1f, 0x16, 0x0, 0x6d, 0x0,
    0x24, 0xc9, 0x0, 0x1e, 0x40, 0x20, 0x4, 0x70,
    0xd6, 0x61, 0x84, 0x10, 0x3, 0xcc, 0x1, 0x6,
    0x40, 0x2, 0x5, 0x0, 0x20, 0xe8, 0x5, 0xc8,
    0x0, 0x70, 0x30, 0x0, 0x80, 0xd0, 0x0, 0x80,
    0x2, 0x40, 0x60, 0x7, 0x0, 0x2a, 0x80, 0x34,
    0x80, 0x10, 0x0, 0x4e, 0x0, 0xd0, 0xc, 0xa0,
    0xb, 0x0, 0xa3, 0xfd, 0x0, 0x1a, 0x40, 0x5,
    0x40, 0x1f, 0x8, 0x1, 0x1c, 0x0, 0xba, 0xa2,
    0x0, 0x4a, 0xe3, 0x0, 0x41, 0x80,

    /* U+0027 "'" */
    0xff, 0x58, 0x7, 0x8, 0x0, 0xc0, 0x2, 0x0,
    0xf0, 0x0, 0xdd, 0x9c,

    /* U+0028 "(" */
    0x0, 0xff, 0xe0, 0xad, 0x80, 0x72, 0x52, 0x8,
    0x4, 0x56, 0x8, 0x20, 0x14, 0x80, 0xd0, 0x4,
    0x88, 0x9, 0x10, 0xb, 0xc0, 0xc, 0x1, 0x12,
    0x2, 0x88, 0x4, 0xa0, 0xc, 0x0, 0xd8, 0x0,
    0x50, 0xc, 0xa0, 0x3, 0x0, 0x84, 0x40, 0x20,
    0x18, 0x80, 0x4, 0x1, 0x9c, 0x0, 0xe0, 0x1f,
    0xfd, 0x7, 0x0, 0x38, 0x6, 0x20, 0x1, 0x0,
    0x61, 0x0, 0x8, 0x7, 0x20, 0x0, 0x80, 0x36,
    0x0, 0x1c, 0x3, 0x28, 0x3, 0xc0, 0x31, 0x18,
    0x28, 0x7, 0x48, 0x1, 0x80, 0x32, 0x90, 0x58,
    0x7, 0x70, 0x14, 0x80, 0x63, 0x90, 0x61, 0x0,
    0xcd, 0x6, 0x20, 0x1c, 0xf8, 0x0,

    /* U+0029 ")" */
    0x0, 0xfe, 0xb5, 0x0, 0xe1, 0x4a, 0x50, 0xc,
    0x28, 0x14, 0x40, 0x1a, 0x80, 0x1c, 0x1, 0x85,
    0xc0, 0xd4, 0x3, 0x48, 0x2, 0x40, 0x30, 0xa0,
    0x19, 0x80, 0x36, 0x0, 0x2c, 0x3, 0x20, 0x1,
    0x40, 0x31, 0x80, 0x8, 0x3, 0x84, 0x0, 0x60,
    0x18, 0xc0, 0xc, 0x1, 0x84, 0x0, 0x60, 0x19,
    0xc0, 0x2, 0x1, 0xff, 0xc0, 0x70, 0x0, 0x80,
    0x7c, 0x60, 0x18, 0x80, 0xc, 0x1, 0x84, 0x0,
    0x40, 0x11, 0x0, 0x8, 0x40, 0x24, 0x0, 0x20,
    0x6, 0xc0, 0x6, 0x80, 0x65, 0x2, 0x40, 0x9,
    0x80, 0x16, 0x1, 0xac, 0x9, 0x80, 0x28, 0x20,
    0x90, 0x8, 0x9c, 0x21, 0x0, 0x22, 0x24, 0x38,
    0x7, 0x6b, 0x80, 0x70,

    /* U+002A "*" */
    0x0, 0xed, 0xfa, 0x0, 0xff, 0x8, 0x18, 0x7,
    0xf9, 0xc0, 0x40, 0x3d, 0x8c, 0x1, 0xbc, 0x0,
    0xce, 0xa, 0x73, 0xf2, 0xe1, 0xd3, 0xf3, 0x0,
    0x26, 0x0, 0x63, 0x6, 0x60, 0x0, 0x88, 0x99,
    0xd4, 0x60, 0x12, 0xcf, 0x69, 0x0, 0x5, 0x8,
    0x2, 0x26, 0x10, 0xe, 0xd1, 0x29, 0x7, 0x50,
    0xe, 0x93, 0x9, 0x64, 0xa, 0x20, 0x8, 0x50,
    0x19, 0x2, 0x40, 0x14, 0x1, 0xe, 0xbc, 0x0,
    0xa, 0x26, 0x0, 0x0,

    /* U+002B "+" */
    0x0, 0xe7, 0x88, 0x18, 0x7, 0xf4, 0x3b, 0x94,
    0x3, 0xff, 0xc0, 0x89, 0x80, 0x2f, 0x44, 0x84,
    0x2e, 0xf0, 0x4, 0xd7, 0x73, 0x80, 0x7f, 0xf3,
    0xff, 0xf0, 0x5, 0x3f, 0xf3, 0x0, 0x7f, 0xfb,
    0x61, 0xdc, 0xa0, 0x18,

    /* U+002C "," */
    0x1, 0xff, 0x80, 0x3f, 0xf8, 0x46, 0x0, 0x10,
    0x3, 0x80, 0x10, 0x1, 0xc0, 0xe, 0x4, 0x40,
    0x22, 0x1, 0x5c, 0xe8, 0x0, 0x31, 0x82, 0x0,

    /* U+002D "-" */
    0x8e, 0xee, 0xc1, 0x1f, 0x80, 0x3e,

    /* U+002E "." */
    0x7, 0xed, 0x41, 0x81, 0x29, 0x30, 0x8, 0xc9,
    0xc0, 0x6c,

    /* U+002F "/" */
    0x0, 0xf6, 0xfe, 0x0, 0x70, 0x90, 0x20, 0x7,
    0x38, 0x2, 0xc0, 0x3b, 0x40, 0x4c, 0x3, 0x90,
    0x10, 0x3, 0x90, 0x1, 0xe0, 0x1d, 0x80, 0x4,
    0x0, 0xe5, 0x3, 0x10, 0xc, 0x44, 0xb, 0x0,
    0xe4, 0x0, 0x20, 0x7, 0x68, 0x9, 0x80, 0x72,
    0x2, 0x0, 0x72, 0x0, 0x3c, 0x3, 0xb4, 0x0,
    0x80, 0x1c, 0xe0, 0x62, 0x1, 0x88, 0x42, 0xc0,
    0x39, 0x40, 0xa, 0x1, 0xd6, 0x2, 0x40, 0x1c,
    0x60, 0xe0, 0x1c, 0xa0, 0xc, 0x0, 0xec, 0x0,
    0x28, 0x7, 0x7b, 0xc8, 0x7, 0x80,

    /* U+0030 "0" */
    0x0, 0x9b, 0x3f, 0xda, 0xe0, 0x1d, 0x52, 0x60,
    0x2, 0x8b, 0x0, 0x99, 0x40, 0x3c, 0x8e, 0x0,
    0xb0, 0x1, 0xff, 0x90, 0x1, 0x0, 0x64, 0x0,
    0x80, 0x4, 0x80, 0x48, 0xa0, 0x12, 0x0, 0x8,
    0x2, 0xce, 0x0, 0x8, 0x6, 0x20, 0x0, 0x88,
    0x3, 0xe1, 0x0, 0x19, 0x80, 0x3f, 0xc2, 0x1,
    0xff, 0xd8, 0x30, 0xf, 0xf0, 0x88, 0x3, 0xe1,
    0x0, 0x1f, 0x0, 0x4, 0x3, 0x10, 0x3, 0x94,
    0x2, 0x40, 0x1, 0x80, 0x46, 0x62, 0x0, 0x40,
    0x84, 0x0, 0x5, 0x2, 0xc0, 0x7, 0xde, 0x80,
    0x9, 0x0, 0x32, 0x80, 0x79, 0x1c, 0x2, 0xa9,
    0x30, 0x1, 0x45, 0x80, 0x0,

    /* U+0031 "1" */
    0x0, 0xe4, 0xb9, 0x0, 0xb, 0xf5, 0xa0, 0x1d,
    0x74, 0x8, 0x5, 0xca, 0x1, 0xfc, 0xc0, 0x19,
    0x27, 0xe4, 0x3, 0x4b, 0x0, 0x7f, 0xff, 0xc0,
    0x3f, 0xfa, 0xe0,

    /* U+0032 "2" */
    0x0, 0xa3, 0x7f, 0xdb, 0x2, 0x1, 0xe, 0xb9,
    0x0, 0x9, 0xfc, 0x40, 0x18, 0x40, 0x1e, 0x1a,
    0x5, 0x20, 0x3, 0xff, 0x18, 0x1, 0xb, 0x80,
    0x5, 0x0, 0x30, 0x1, 0x3a, 0x80, 0x1c, 0x2,
    0x50, 0x8, 0xee, 0x66, 0x0, 0x8c, 0x2, 0x35,
    0x66, 0x18, 0x4, 0x80, 0x13, 0x80, 0x7d, 0x60,
    0x3, 0x20, 0xf, 0x31, 0x0, 0x20, 0x3, 0xc5,
    0x20, 0x4, 0x40, 0x7, 0xbc, 0x0, 0x34, 0x1,
    0xeb, 0x20, 0x6, 0x88, 0x7, 0x3a, 0x0, 0x24,
    0xc0, 0x39, 0x20, 0x0, 0x8c, 0x1, 0xc5, 0x40,
    0x1, 0xa0, 0xf, 0x70, 0x80, 0x28, 0x40, 0x3a,
    0xc, 0x2, 0xae, 0xef, 0x10, 0x6, 0x11, 0xf8,
    0x3, 0xff, 0x80,

    /* U+0033 "3" */
    0x0, 0x14, 0xf7, 0xfb, 0x18, 0x3, 0x26, 0xb0,
    0x80, 0xe, 0x70, 0x40, 0x6c, 0x3, 0xe3, 0xb0,
    0x90, 0xa, 0x7f, 0x8c, 0x0, 0xa2, 0x80, 0x3,
    0x60, 0x18, 0x0, 0x97, 0xf3, 0x1c, 0x1, 0x30,
    0x4, 0x26, 0x71, 0x0, 0x4c, 0x1, 0x30, 0x7,
    0x86, 0x0, 0x4, 0x60, 0x11, 0xee, 0xb8, 0xc0,
    0x1e, 0x1, 0x9c, 0x88, 0x1, 0x59, 0x0, 0x7f,
    0xad, 0x0, 0x32, 0x7f, 0xb4, 0xc0, 0x16, 0x20,
    0x1e, 0x2e, 0x0, 0x9c, 0x3, 0xe2, 0x0, 0xba,
    0xaa, 0x60, 0xf, 0x85, 0xd5, 0x5a, 0x1, 0x10,
    0x5, 0xce, 0x0, 0x45, 0x1, 0x90, 0x9, 0x60,
    0x2, 0xaf, 0xe4, 0x0, 0x29, 0x12, 0x80, 0x3e,
    0x3b, 0x0, 0x2e, 0xb0, 0x80, 0xe, 0x70, 0x40,

    /* U+0034 "4" */
    0x0, 0xf9, 0xff, 0xe5, 0x0, 0xfc, 0x30, 0x1,
    0xff, 0xc0, 0x90, 0xf, 0xfe, 0x0, 0xb8, 0x7,
    0xff, 0x2, 0x40, 0x3f, 0xf8, 0x2, 0xe0, 0x20,
    0x1f, 0xe9, 0x0, 0x48, 0x7, 0xf0, 0xb8, 0x12,
    0x80, 0x7f, 0x48, 0x2, 0xc0, 0x3f, 0x85, 0xc0,
    0x58, 0x3, 0xfa, 0x40, 0x12, 0x1, 0xfc, 0x2e,
    0x0, 0x60, 0xf, 0xe8, 0x0, 0x30, 0x80, 0x7e,
    0x16, 0x0, 0x37, 0xfb, 0x40, 0x2a, 0xf2, 0x0,
    0xff, 0xe1, 0x8, 0xfe, 0x0, 0xc2, 0x0, 0xee,
    0xf6, 0x0, 0x55, 0xc4, 0x1, 0xff, 0xde,

    /* U+0035 "5" */
    0x2, 0xff, 0xfe, 0x40, 0x60, 0xf, 0xf8, 0x40,
    0x3f, 0xe2, 0x0, 0x27, 0x77, 0x90, 0x3c, 0x0,
    0x23, 0xf0, 0x0, 0x80, 0x6, 0x1, 0xf8, 0x40,
    0x1c, 0x1, 0xf9, 0x80, 0x1b, 0x9f, 0xeb, 0x30,
    0x8, 0xc0, 0xa, 0x60, 0x4, 0xc5, 0x0, 0x8,
    0x4, 0x42, 0x1, 0x50, 0x85, 0x31, 0xee, 0xb9,
    0xc0, 0x26, 0x5, 0x9c, 0x20, 0x4, 0x8, 0x3,
    0x0, 0x3f, 0x28, 0x1, 0x80, 0x3f, 0x8, 0x4,
    0x93, 0x30, 0x6, 0x10, 0x8, 0x99, 0xa2, 0x0,
    0x94, 0x0, 0xe8, 0x1, 0x48, 0x2, 0x4, 0x1,
    0xe4, 0xc0, 0x4, 0xff, 0x38, 0x0, 0x94, 0x25,
    0x0, 0x3c, 0x3e, 0x1, 0x5c, 0x98, 0x0, 0x9f,
    0xc8, 0x0,

    /* U+0036 "6" */
    0x0, 0xe5, 0xae, 0xf6, 0x0, 0xe1, 0xca, 0x51,
    0x0, 0xf0, 0xe1, 0x80, 0x7f, 0x51, 0x0, 0x17,
    0x3d, 0x80, 0x24, 0x40, 0x1, 0xe8, 0xc0, 0x3b,
    0x80, 0x7, 0x0, 0x1f, 0x28, 0x2, 0xe3, 0x7a,
    0xcc, 0x0, 0x60, 0x14, 0xb9, 0xa, 0x62, 0x83,
    0x0, 0x42, 0x1, 0xd4, 0x24, 0x1, 0x16, 0xfa,
    0x80, 0x4d, 0xe0, 0x17, 0x10, 0x50, 0x80, 0x30,
    0x3, 0x18, 0x4, 0x80, 0x5, 0x0, 0xfc, 0x40,
    0x1, 0xf0, 0xf, 0xf8, 0x80, 0x22, 0x0, 0x88,
    0x0, 0x48, 0x1, 0x20, 0x4, 0x80, 0x7, 0x14,
    0x0, 0x41, 0x4, 0x88, 0x3, 0xc2, 0x0, 0x3,
    0xbe, 0xc0, 0x3, 0x50, 0x3a, 0x0, 0xf0, 0xf0,
    0x4, 0xb8, 0x82, 0x4, 0xfe, 0x40,

    /* U+0037 "7" */
    0xf, 0xff, 0xfb, 0x80, 0x3f, 0xf8, 0x42, 0x3f,
    0x80, 0x25, 0xe, 0xef, 0xc0, 0x17, 0x0, 0x7e,
    0x60, 0x9, 0x40, 0x3f, 0x50, 0x1, 0x40, 0x3f,
    0x11, 0x80, 0x38, 0x3, 0xf5, 0x0, 0x5, 0x0,
    0x3f, 0x30, 0x1, 0x80, 0x3f, 0x20, 0x80, 0x2c,
    0x3, 0xf7, 0x0, 0x8, 0xc0, 0x3e, 0x15, 0x0,
    0x50, 0x7, 0xe7, 0x0, 0x94, 0x3, 0xf5, 0x0,
    0xc, 0x80, 0x3e, 0x23, 0x0, 0x50, 0x7, 0xea,
    0x0, 0x9c, 0x3, 0xf3, 0x0, 0x10, 0x40, 0x3e,
    0x41, 0x0, 0x70, 0x7, 0xee, 0x0, 0x94, 0x3,
    0xe1, 0x50, 0x2, 0x80, 0x78,

    /* U+0038 "8" */
    0x0, 0x9f, 0x3f, 0xdb, 0x0, 0x1d, 0x90, 0x60,
    0x2, 0x7d, 0x10, 0x4, 0x98, 0x7, 0x8a, 0xc0,
    0xc, 0x0, 0x2e, 0xf3, 0x0, 0x28, 0x98, 0x5,
    0x62, 0x12, 0x1, 0x28, 0x6, 0x20, 0x3, 0x0,
    0x62, 0x0, 0x88, 0x0, 0xe0, 0x13, 0x89, 0x80,
    0x28, 0x1, 0xe0, 0x2, 0x30, 0xf0, 0x1, 0xf7,
    0x10, 0x1, 0x20, 0x3, 0xb0, 0x0, 0x88, 0x1,
    0x48, 0x0, 0x2a, 0x0, 0xf5, 0x18, 0x3, 0xc4,
    0xf, 0x74, 0x60, 0xd, 0x5, 0x20, 0x7, 0x91,
    0x38, 0x0, 0x2d, 0xa0, 0x11, 0x80, 0x8, 0x40,
    0x1e, 0x20, 0x1f, 0xe3, 0x10, 0x8, 0x40, 0x2,
    0x20, 0x1, 0x60, 0x5, 0x60, 0x8, 0x0, 0xb5,
    0xc, 0x0, 0xbf, 0xe6, 0x0, 0x12, 0x87, 0x10,
    0x7, 0x87, 0xc0, 0x5, 0xae, 0x40, 0x2, 0x7f,
    0x20,

    /* U+0039 "9" */
    0x0, 0x9b, 0x7f, 0xd6, 0x80, 0x1d, 0x72, 0x40,
    0x4, 0xb6, 0x0, 0xa5, 0x0, 0x3d, 0x26, 0x4,
    0xc0, 0x4, 0xfd, 0x10, 0x4, 0x2, 0x80, 0x52,
    0x5, 0x0, 0x4, 0x1d, 0x0, 0x11, 0x0, 0xe,
    0x1, 0x20, 0x80, 0x4, 0x2, 0x10, 0x8, 0x84,
    0x0, 0x20, 0x1f, 0x79, 0x0, 0x8, 0x40, 0x3e,
    0xc0, 0xa, 0x0, 0x12, 0x1, 0x90, 0x80, 0xd,
    0xdc, 0x60, 0xe, 0xe0, 0x8, 0x44, 0x1, 0xb8,
    0xf, 0x10, 0x0, 0x98, 0x1, 0x10, 0x0, 0xef,
    0xfd, 0x60, 0x19, 0x40, 0x3e, 0xa0, 0x1, 0x88,
    0x7, 0x8d, 0x80, 0x14, 0x1, 0xc7, 0x18, 0x0,
    0x26, 0x0, 0x8f, 0xf1, 0xc0, 0x3, 0xe0, 0x1f,
    0xc5, 0x84, 0x1, 0xe1, 0x49, 0xd2, 0x0, 0x80,

    /* U+003A ":" */
    0x8, 0xfe, 0x42, 0x70, 0x19, 0x0, 0xe2, 0x81,
    0x29, 0x7, 0xed, 0x40, 0xf, 0xfe, 0x9b, 0xf6,
    0xa0, 0xc0, 0x94, 0x98, 0x4, 0x64, 0xe0, 0x36,

    /* U+003B ";" */
    0x0, 0x5f, 0xe9, 0x3, 0x20, 0x15, 0x80, 0x7c,
    0xca, 0x27, 0x0, 0xa, 0xec, 0x10, 0xf, 0xfe,
    0xd8, 0x88, 0x2, 0xde, 0xe2, 0x80, 0x7f, 0xc2,
    0x0, 0x30, 0x3, 0x80, 0x88, 0x4, 0xc1, 0x80,
    0xc, 0x3, 0x20, 0x32, 0x3, 0x47, 0xa2, 0x0,

    /* U+003C "<" */
    0x0, 0xfe, 0x69, 0x0, 0xf9, 0x76, 0x48, 0x3,
    0x97, 0x68, 0x80, 0x39, 0x76, 0x88, 0x2, 0xc0,
    0x5d, 0xa2, 0x0, 0x9f, 0x9c, 0xa8, 0x80, 0x3,
    0x1d, 0x2, 0x2, 0x1, 0x1f, 0xb8, 0x80, 0x42,
    0x1, 0x1f, 0xc0, 0x80, 0x45, 0x66, 0x0, 0x17,
    0xe9, 0x20, 0x2, 0x65, 0x98, 0x4, 0xdb, 0x0,
    0x12, 0x65, 0x98, 0x4, 0x60, 0x1c, 0x99, 0x66,
    0x1, 0xfc, 0x99, 0x46,

    /* U+003D "=" */
    0x1f, 0xff, 0xf0, 0x98, 0x7, 0xff, 0x2c, 0xbf,
    0xff, 0xc2, 0x1, 0xff, 0xcc, 0x2f, 0xff, 0xf0,
    0x80, 0x7f, 0xf3, 0x0,

    /* U+003E ">" */
    0x49, 0x20, 0xf, 0xe6, 0xd9, 0x20, 0xf, 0xe6,
    0xda, 0x20, 0xc, 0xc4, 0x1, 0x2e, 0xd1, 0x0,
    0xb, 0x6c, 0xc0, 0x25, 0xda, 0x20, 0x2, 0x66,
    0x14, 0x2, 0x5e, 0x0, 0xc7, 0x56, 0x1, 0xf9,
    0x2e, 0xc0, 0x1e, 0x5d, 0xb4, 0x0, 0x9b, 0x4b,
    0xa8, 0x80, 0x26, 0xe9, 0x16, 0x10, 0x9, 0xba,
    0x44, 0x3, 0x9f, 0xa4, 0x40, 0x33, 0xbb, 0xa0,
    0x40, 0x3c,

    /* U+003F "?" */
    0x0, 0x9f, 0x3f, 0xdb, 0x2, 0x1, 0xb2, 0xc,
    0x0, 0x4f, 0xe2, 0x0, 0x83, 0x0, 0xf0, 0xd0,
    0x1, 0x80, 0x5, 0xbc, 0x60, 0x4, 0x12, 0x10,
    0x5, 0x90, 0xc8, 0x4, 0x47, 0x55, 0x38, 0x0,
    0x40, 0x27, 0x15, 0x58, 0x40, 0x6, 0x1, 0x30,
    0x7, 0x86, 0x40, 0x6, 0x40, 0x1e, 0xa1, 0x0,
    0x78, 0x7, 0xa5, 0x0, 0x12, 0x60, 0x1c, 0x6c,
    0x0, 0x76, 0x0, 0xf5, 0x80, 0xa, 0x0, 0x3e,
    0x30, 0x2, 0x80, 0x7f, 0x8, 0xb4, 0x3, 0xf5,
    0xf7, 0x14, 0x3, 0xff, 0x90, 0xbb, 0x84, 0x1,
    0xfa, 0x88, 0xe0, 0x3, 0xfe, 0x10, 0xf, 0xd0,
    0x3, 0x0, 0x18,

    /* U+0040 "@" */
    0x0, 0xf1, 0x46, 0xff, 0xba, 0xd8, 0x3, 0xfe,
    0x8d, 0x72, 0x0, 0xa, 0x4f, 0x20, 0x7, 0xeb,
    0x70, 0x3a, 0xdd, 0x64, 0x8, 0xad, 0x40, 0x3d,
    0x48, 0x13, 0x8a, 0x44, 0x37, 0xe5, 0xa, 0x20,
    0xc, 0xaa, 0xa, 0x60, 0xf, 0xa9, 0x2, 0x40,
    0x35, 0x82, 0xa8, 0x3, 0xfa, 0x81, 0xc, 0x0,
    0xc2, 0x10, 0x1, 0x2e, 0xff, 0x48, 0x80, 0xa8,
    0x50, 0x2, 0x81, 0x8, 0x0, 0xf4, 0x40, 0x2d,
    0xe0, 0xf, 0x4, 0x1, 0x30, 0xe0, 0x1, 0xc0,
    0x25, 0xa8, 0x8, 0x1, 0xc0, 0x81, 0x40, 0x8,
    0x0, 0x80, 0x1b, 0x42, 0x0, 0xc4, 0x0, 0x23,
    0x1, 0x10, 0xa, 0x4, 0x80, 0x4, 0x8, 0x2,
    0x10, 0x1e, 0x2, 0x0, 0x38, 0x1, 0x0, 0x6,
    0x2, 0x1, 0xce, 0x40, 0xe0, 0xf, 0x0, 0x10,
    0x0, 0x41, 0xc0, 0x39, 0xdc, 0x2, 0x0, 0x50,
    0x0, 0x80, 0x1c, 0x4, 0x2, 0x10, 0x10, 0xe,
    0x10, 0x10, 0x8, 0x80, 0xc0, 0x2, 0x0, 0x27,
    0x0, 0xf0, 0x80, 0x42, 0x1c, 0x0, 0x40, 0x30,
    0x10, 0x60, 0x3, 0x0, 0x8, 0x18, 0x1, 0xe0,
    0xe, 0xb, 0x2, 0x2, 0x0, 0x60, 0x3, 0x9a,
    0x0, 0x8, 0x2e, 0x80, 0xc1, 0x80, 0x24, 0xc,
    0x20, 0x72, 0x2e, 0x7, 0xd0, 0x14, 0x20, 0x80,
    0x5, 0x1, 0xc3, 0x3, 0xc8, 0x80, 0x81, 0xda,
    0x80, 0x4a, 0x12, 0x0, 0x2c, 0xfc, 0x30, 0x7e,
    0xfc, 0x40, 0xd, 0x20, 0x32, 0x1, 0xff, 0xc4,
    0x36, 0x6, 0x90, 0xf, 0xfe, 0x24, 0x98, 0x37,
    0x42, 0x1a, 0x3e, 0xb8, 0x7, 0xf6, 0x30, 0xb,
    0xde, 0x5c, 0x16, 0x0, 0x7f, 0xa7, 0x5c, 0xc0,
    0x2, 0x71, 0x40, 0x1e,

    /* U+0041 "A" */
    0x0, 0xf4, 0x7f, 0xc2, 0x1, 0xff, 0xc0, 0x50,
    0x9, 0xc0, 0x3f, 0xe2, 0x20, 0x5, 0xa0, 0x1f,
    0xf2, 0x80, 0x64, 0x10, 0xf, 0xf5, 0x80, 0x72,
    0x0, 0x7f, 0x9, 0x80, 0x10, 0x1, 0xe0, 0x1f,
    0xce, 0x0, 0x1f, 0x0, 0x28, 0x7, 0xf6, 0x80,
    0x1d, 0x0, 0x24, 0x0, 0xfc, 0x80, 0xc, 0x4,
    0x0, 0x68, 0x7, 0xca, 0x1, 0x20, 0x60, 0x1,
    0xc0, 0x3e, 0xf0, 0x1, 0x88, 0x20, 0x0, 0x50,
    0x3, 0xca, 0x0, 0x40, 0x1, 0x88, 0x3, 0x40,
    0x39, 0x0, 0x2c, 0x0, 0x90, 0x0, 0xe0, 0x1d,
    0xa0, 0x15, 0xff, 0xca, 0x0, 0x13, 0x0, 0xce,
    0x1, 0xff, 0x58, 0x4, 0x62, 0x1, 0xff, 0x28,
    0x5, 0x60, 0x16, 0xff, 0xf3, 0x0, 0x8, 0x80,
    0x5, 0x0, 0x9, 0x0, 0x76, 0x80, 0x4a, 0x4,
    0x40, 0x2, 0x0, 0x79, 0x0, 0x2b, 0x5, 0x0,
    0xbc, 0x3, 0xe3, 0x0, 0x18, 0x80,

    /* U+0042 "B" */
    0x4f, 0xff, 0xb6, 0x8c, 0x3, 0xfe, 0x25, 0xc7,
    0x0, 0xff, 0xe0, 0xc2, 0x0, 0x74, 0xff, 0xb5,
    0x80, 0x2e, 0x0, 0xfc, 0x52, 0x20, 0x7, 0x0,
    0xff, 0x10, 0x0, 0xc0, 0x3f, 0xc2, 0x0, 0x20,
    0xf, 0xe5, 0x20, 0x5, 0x0, 0x75, 0xe6, 0x54,
    0x0, 0x56, 0x0, 0xe2, 0x33, 0x80, 0x5, 0x0,
    0x1f, 0xfc, 0x2, 0xc2, 0x0, 0xe9, 0xff, 0xa8,
    0x0, 0x32, 0x1, 0xfc, 0xaa, 0x0, 0x20, 0x80,
    0x7f, 0x68, 0x4, 0x40, 0x1f, 0xfc, 0xbd, 0x0,
    0x88, 0x3, 0xe1, 0x65, 0x0, 0x10, 0x80, 0x69,
    0xff, 0x74, 0x80, 0x56, 0x1, 0xff, 0xc0, 0x66,
    0x0, 0x7f, 0xa, 0xdc, 0x80, 0x0,

    /* U+0043 "C" */
    0x0, 0xcf, 0x9f, 0xee, 0xb6, 0x0, 0xe3, 0xe8,
    0x30, 0x0, 0xa4, 0xe0, 0x80, 0x7, 0x44, 0x3,
    0xe3, 0xa0, 0x5, 0x88, 0x1, 0xf7, 0xf1, 0x0,
    0x8, 0x81, 0x50, 0x2, 0x41, 0x1, 0xd0, 0x5,
    0xa8, 0x1, 0x78, 0x6, 0x13, 0x0, 0x26, 0x80,
    0x4a, 0x1, 0xc8, 0x44, 0x11, 0x0, 0x42, 0x1,
    0xd1, 0xba, 0xc3, 0x0, 0xff, 0xf5, 0x98, 0x7,
    0xff, 0x4, 0x40, 0x21, 0x0, 0xe7, 0xbb, 0x56,
    0x80, 0x4a, 0x1, 0xd6, 0x88, 0x74, 0x0, 0xb8,
    0x3, 0x9, 0x80, 0x1c, 0x54, 0x0, 0xae, 0x20,
    0x74, 0x1, 0x70, 0x40, 0x5, 0x1d, 0xf8, 0x80,
    0x4, 0x40, 0x16, 0x8, 0x7, 0xc7, 0x40, 0x11,
    0xfb, 0x98, 0x0, 0x52, 0xb0, 0x40,

    /* U+0044 "D" */
    0x4f, 0xff, 0x6c, 0x98, 0x7, 0xfc, 0x4d, 0x92,
    0x1, 0xff, 0xc1, 0x6a, 0x0, 0xf4, 0x7f, 0x59,
    0x80, 0x15, 0x40, 0x1c, 0x20, 0x29, 0x82, 0x0,
    0x90, 0xf, 0xf3, 0x0, 0xc, 0x40, 0x3f, 0xb0,
    0x2, 0x50, 0xf, 0xe7, 0x0, 0x88, 0x3, 0xff,
    0x82, 0x20, 0x1f, 0xfe, 0xb1, 0x0, 0xfe, 0x60,
    0x8, 0x80, 0x3f, 0xb4, 0x2, 0x50, 0xf, 0xc2,
    0xc0, 0x3, 0x10, 0xf, 0xa, 0x68, 0x80, 0x24,
    0x3, 0xa7, 0xfa, 0xcc, 0x0, 0xaa, 0x0, 0xff,
    0x9a, 0x80, 0x3f, 0x89, 0xb2, 0x40, 0x20,

    /* U+0045 "E" */
    0x4f, 0xff, 0xf8, 0x3, 0xff, 0xa1, 0x1f, 0xff,
    0x0, 0x61, 0x0, 0xff, 0xf1, 0xcf, 0xff, 0x60,
    0x7, 0xfc, 0x20, 0x1f, 0xfc, 0x59, 0xff, 0xed,
    0x0, 0xff, 0xfa, 0xcf, 0xff, 0xc0, 0x1f, 0xfc,
    0xc0,

    /* U+0046 "F" */
    0x4f, 0xff, 0xf4, 0x80, 0x7f, 0xf4, 0x23, 0xff,
    0xd2, 0x1, 0x84, 0x3, 0xff, 0xdf, 0x3f, 0xfd,
    0x80, 0x1f, 0xfd, 0x19, 0xff, 0xec, 0x0, 0xff,
    0xff, 0x80, 0x7f, 0x80,

    /* U+0047 "G" */
    0x0, 0x85, 0xf3, 0xfd, 0xd8, 0xe2, 0x1, 0xc7,
    0xf0, 0x60, 0x1, 0x38, 0xf2, 0x0, 0x8b, 0x4,
    0x3, 0xe1, 0xc0, 0xa, 0x0, 0x25, 0xdf, 0xd5,
    0x0, 0xb, 0x0, 0xa8, 0x0, 0xe8, 0x80, 0xa8,
    0x40, 0x1a, 0x8, 0x1, 0x48, 0x7, 0x20, 0x1,
    0x3, 0x40, 0x27, 0x0, 0xeb, 0xdd, 0x80, 0x40,
    0x23, 0x0, 0xe1, 0x22, 0x80, 0x3f, 0xf9, 0x71,
    0xbb, 0xe0, 0xf, 0xc4, 0x5f, 0x0, 0x7f, 0xf2,
    0xeb, 0xfc, 0xa0, 0x1b, 0x80, 0x22, 0x0, 0xff,
    0x10, 0x4, 0xa0, 0x1f, 0xe4, 0x0, 0xac, 0x3,
    0xfc, 0x2c, 0x0, 0x2b, 0x30, 0x16, 0x40, 0xe,
    0x81, 0x0, 0x26, 0x7f, 0x48, 0x80, 0x8, 0x0,
    0x38, 0x40, 0x1f, 0x93, 0x0, 0x22, 0xd9, 0x41,
    0x0, 0x12, 0xdd, 0x84, 0x0,

    /* U+0048 "H" */
    0x4f, 0xf9, 0x80, 0x38, 0xbf, 0xe7, 0x0, 0xff,
    0xff, 0x80, 0x7f, 0xf5, 0xa7, 0xff, 0xb4, 0x3,
    0xff, 0xb5, 0x1f, 0xfd, 0x80, 0x1f, 0x84, 0x3,
    0x84, 0x3, 0xff, 0xfe, 0x1, 0xff, 0xd6,

    /* U+0049 "I" */
    0x1f, 0xfa, 0x0, 0x3f, 0xff, 0xe0, 0x1f, 0xfc,
    0x80,

    /* U+004A "J" */
    0x0, 0xfd, 0x5f, 0xf0, 0x7, 0xff, 0xfc, 0x3,
    0xff, 0xfe, 0x1, 0xff, 0xc8, 0x4f, 0xf9, 0x40,
    0x21, 0x0, 0xce, 0x1, 0x68, 0x4, 0xa0, 0x2,
    0x3, 0x10, 0x3, 0xa0, 0xc0, 0x80, 0x14, 0x1,
    0x20, 0x15, 0xf3, 0x80, 0x6, 0x40, 0xe, 0x80,
    0x1f, 0x50, 0x80, 0x57, 0x48, 0x0, 0x16, 0xd4,
    0x0, 0x0,

    /* U+004B "K" */
    0x4f, 0xf9, 0x80, 0x33, 0x7f, 0xdc, 0x20, 0x1f,
    0x86, 0x40, 0x2b, 0x10, 0xf, 0xd6, 0x1, 0x2a,
    0x80, 0x3f, 0x22, 0x80, 0x6, 0xc0, 0x3f, 0xa4,
    0x2, 0xb1, 0x0, 0xfc, 0xe4, 0x0, 0x55, 0x0,
    0x7e, 0x18, 0x0, 0xd, 0x80, 0x7f, 0x50, 0x5,
    0x42, 0x1, 0xfb, 0x50, 0x0, 0xa8, 0x1, 0xfc,
    0x80, 0x13, 0x0, 0x7f, 0xf0, 0x8d, 0x40, 0x3f,
    0xf8, 0x50, 0x1, 0xfe, 0x66, 0x0, 0x9, 0x80,
    0x3f, 0x1c, 0xd8, 0x5, 0x0, 0x1f, 0xa8, 0x9,
    0x80, 0x3, 0x0, 0x1f, 0xe8, 0x0, 0x9c, 0x40,
    0x3f, 0x85, 0x80, 0x28, 0x0, 0xff, 0x40, 0x4,
    0xc4, 0x1, 0xfc, 0x2c, 0x1, 0x48, 0x7, 0xfa,
    0x0, 0x24, 0x30,

    /* U+004C "L" */
    0x4f, 0xf9, 0x80, 0x3f, 0xff, 0xe0, 0x1f, 0xff,
    0xf0, 0xf, 0xff, 0x4c, 0xff, 0xfa, 0x80, 0x3f,
    0xf9, 0x80,

    /* U+004D "M" */
    0x4f, 0xfc, 0xc0, 0x1f, 0x1f, 0xfe, 0x70, 0xe,
    0xd0, 0xf, 0xac, 0x3, 0xfc, 0x82, 0x1, 0xe5,
    0x0, 0xff, 0x90, 0x3, 0x88, 0x80, 0x1f, 0xf7,
    0x80, 0x72, 0x80, 0x7f, 0xf0, 0x10, 0x3, 0xac,
    0x3, 0xff, 0x80, 0x28, 0x1, 0x9, 0x80, 0x4,
    0x3, 0xe4, 0x0, 0x60, 0x4, 0x80, 0x5, 0x0,
    0xfd, 0x80, 0x5, 0x0, 0xbc, 0x1, 0xe2, 0x1,
    0xf2, 0x0, 0x8, 0x80, 0x5, 0x0, 0x20, 0x7,
    0xf2, 0x0, 0x14, 0x10, 0x0, 0x62, 0x1, 0xfd,
    0xa0, 0xb, 0xc, 0x0, 0x58, 0x7, 0xf3, 0xb8,
    0x0, 0x62, 0xa0, 0x5, 0x10, 0xf, 0xe1, 0x30,
    0x4, 0x90, 0x9, 0x0, 0x7f, 0xd6, 0x0, 0x70,
    0x3, 0x80, 0x7f, 0xf0, 0x14, 0x3, 0xb4, 0x3,
    0xff, 0x80, 0x44, 0x0, 0xc8, 0x1, 0xff, 0xc1,
    0x50, 0x9, 0x0, 0x3f, 0xf8, 0x56, 0x1, 0x68,
    0x7, 0xff, 0x8, 0xc4, 0x0, 0xe0, 0x1f, 0x0,

    /* U+004E "N" */
    0x4f, 0xfa, 0x0, 0x3d, 0xff, 0x38, 0x6, 0x71,
    0x0, 0xff, 0xe1, 0x48, 0x7, 0xff, 0x9, 0xc4,
    0x3, 0xff, 0x85, 0x20, 0x1f, 0xfc, 0x27, 0x10,
    0xf, 0xfe, 0x14, 0x80, 0x7f, 0xca, 0x0, 0x71,
    0x0, 0xff, 0x70, 0x80, 0x24, 0x3, 0xfc, 0xf0,
    0x0, 0x71, 0x0, 0xff, 0x30, 0x80, 0x24, 0x3,
    0xfe, 0x80, 0x3, 0x90, 0x7, 0xf9, 0x84, 0x1,
    0x60, 0x1f, 0xf4, 0x0, 0x18, 0x3, 0xfe, 0x62,
    0x0, 0xff, 0xe1, 0x58, 0x7, 0xff, 0x9, 0x88,
    0x3, 0xff, 0x85, 0x60, 0x1f, 0xfc, 0x26, 0x20,
    0xf, 0xfe, 0x15, 0x80, 0x60,

    /* U+004F "O" */
    0x0, 0xcd, 0x9d, 0xfd, 0x6a, 0x1, 0xe2, 0xd9,
    0x31, 0x1, 0x4a, 0xc1, 0x0, 0x87, 0x8, 0x3,
    0xe3, 0xd0, 0xa, 0x4, 0x0, 0x99, 0xd6, 0x60,
    0x3, 0x70, 0x3, 0x0, 0xe, 0xcc, 0x53, 0x4,
    0x1, 0x20, 0x80, 0x15, 0x0, 0x73, 0x0, 0x4,
    0x8c, 0x2, 0x40, 0xe, 0xc0, 0x9, 0xf8, 0x2,
    0x30, 0xe, 0x70, 0x8, 0x80, 0x30, 0x80, 0x70,
    0x80, 0x63, 0x0, 0xff, 0xf0, 0x18, 0x7, 0xff,
    0x8, 0x40, 0x22, 0x0, 0xe6, 0x0, 0x8b, 0x40,
    0x27, 0x0, 0xe3, 0x0, 0x99, 0x0, 0x29, 0x0,
    0xea, 0x0, 0x9, 0x8b, 0x0, 0xe, 0xcc, 0x4e,
    0xc8, 0x0, 0xc0, 0x8, 0x10, 0x2, 0x67, 0x62,
    0x0, 0xa, 0x0, 0x3, 0x84, 0x1, 0xf1, 0x60,
    0x6, 0x2d, 0x93, 0x10, 0x14, 0x9d, 0x10, 0x0,

    /* U+0050 "P" */
    0x4f, 0xff, 0xba, 0xd0, 0x3, 0xfe, 0x14, 0xba,
    0x0, 0xff, 0xe0, 0xac, 0x0, 0x74, 0xff, 0xd6,
    0x20, 0x7, 0x20, 0xf, 0xc9, 0x60, 0x12, 0x80,
    0x7f, 0x20, 0x5, 0xa0, 0x1f, 0xc2, 0x1, 0x30,
    0x7, 0xff, 0x5, 0xc0, 0x3f, 0x90, 0x2, 0x30,
    0xc, 0x23, 0x92, 0x80, 0x2b, 0x0, 0xd1, 0xdd,
    0x58, 0x80, 0x14, 0xc0, 0x3f, 0xe4, 0xa0, 0xf,
    0xe1, 0x4a, 0xb0, 0xf, 0x4f, 0xfd, 0xd6, 0xa0,
    0x1f, 0xff, 0xf0, 0xf, 0xfe, 0x0,

    /* U+0051 "Q" */
    0x0, 0xcf, 0x9f, 0xee, 0xb5, 0x0, 0xf1, 0x6c,
    0x18, 0x0, 0x52, 0xac, 0x40, 0x21, 0xc2, 0x0,
    0xf9, 0x34, 0x2, 0xb1, 0x0, 0x2e, 0x75, 0x98,
    0x0, 0xd8, 0x5, 0x40, 0x7, 0x46, 0x29, 0xa2,
    0x0, 0xb0, 0x40, 0xa, 0x40, 0x30, 0xb0, 0x0,
    0x89, 0xa0, 0x12, 0x0, 0x76, 0x80, 0x4e, 0x40,
    0x10, 0x80, 0x73, 0x0, 0x46, 0x1, 0xff, 0xc2,
    0x10, 0xf, 0xff, 0x78, 0x90, 0x4, 0x20, 0x1c,
    0xc0, 0x11, 0xe8, 0x4, 0x80, 0x1d, 0xa0, 0x13,
    0xa0, 0x5, 0x20, 0x18, 0x58, 0x0, 0x44, 0x16,
    0x0, 0x1d, 0x10, 0x9e, 0x88, 0x2, 0xc0, 0x10,
    0x20, 0x5, 0xde, 0xc3, 0x0, 0x1b, 0x0, 0x7,
    0x8, 0x3, 0xf6, 0x80, 0x62, 0xd8, 0x30, 0xf,
    0x68, 0x80, 0x73, 0xe7, 0xfc, 0x80, 0x3, 0xc1,
    0x0, 0xfe, 0xb5, 0x0, 0x19, 0x0, 0x7f, 0xa9,
    0xc7, 0xc, 0x3, 0xfe, 0x8f, 0x20,

    /* U+0052 "R" */
    0x4f, 0xff, 0xb6, 0x48, 0x3, 0xfe, 0x26, 0xd6,
    0x0, 0xff, 0xe0, 0xc9, 0x80, 0x74, 0x7f, 0xb9,
    0x80, 0x28, 0x0, 0xe1, 0x0, 0xc, 0x90, 0x1,
    0x0, 0x3f, 0xca, 0x1, 0x10, 0x7, 0xf7, 0x80,
    0x7f, 0xf0, 0x7c, 0x2, 0x30, 0xf, 0xe5, 0x0,
    0x8, 0x80, 0x30, 0x80, 0x6, 0x48, 0x0, 0xe0,
    0x1d, 0x1f, 0xee, 0x60, 0x0, 0xc0, 0x7, 0xfc,
    0x58, 0x20, 0x1f, 0xf5, 0x10, 0x7, 0xa7, 0xfc,
    0x20, 0xa, 0x0, 0xff, 0x30, 0x0, 0x94, 0x3,
    0xfa, 0x40, 0x29, 0x0, 0xfe, 0x15, 0x0, 0x19,
    0x80, 0x3f, 0xa4, 0x2, 0x80, 0xf, 0xe3, 0x30,
    0x1, 0x8, 0x3, 0xfa, 0x40, 0x2b,

    /* U+0053 "S" */
    0x0, 0x9a, 0xfb, 0xfb, 0x14, 0x3, 0xe, 0x4a,
    0x8, 0x9, 0xd5, 0x80, 0x54, 0x60, 0x1f, 0x25,
    0x82, 0x20, 0x0, 0x7b, 0xfa, 0x60, 0x4, 0x46,
    0x0, 0x5e, 0x40, 0x5c, 0x1, 0x68, 0x80, 0x44,
    0x1, 0x10, 0x80, 0xb, 0x80, 0x27, 0x0, 0xdd,
    0xfe, 0xb5, 0x0, 0xa6, 0x4, 0x3, 0xc5, 0x0,
    0x13, 0xf4, 0x98, 0x7, 0x3c, 0x80, 0x66, 0xcb,
    0x20, 0xc, 0xdc, 0xc0, 0x19, 0x34, 0xc0, 0x30,
    0xcf, 0x40, 0x80, 0x5a, 0x20, 0x1c, 0x2f, 0xca,
    0x0, 0x19, 0x45, 0x51, 0x80, 0x6a, 0x10, 0x2,
    0x55, 0x5e, 0x1, 0xc4, 0x0, 0x15, 0x0, 0x18,
    0x80, 0x62, 0x0, 0xb4, 0x2, 0xd3, 0x1, 0x81,
    0x0, 0x23, 0x18, 0x0, 0xf3, 0xf9, 0xc0, 0x2b,
    0xd, 0x30, 0xf, 0xd6, 0x40, 0x39, 0x48, 0x20,
    0x2, 0x7e, 0x40,

    /* U+0054 "T" */
    0x4f, 0xff, 0xfe, 0xa, 0x80, 0x7f, 0xf4, 0x93,
    0xff, 0x50, 0x5, 0x5f, 0xf9, 0x40, 0x3f, 0xff,
    0xe0, 0x1f, 0xff, 0xf0, 0xf, 0xff, 0xf8, 0x7,
    0xff, 0xc,

    /* U+0055 "U" */
    0x7f, 0xf8, 0xc0, 0x31, 0xff, 0xce, 0x1, 0xff,
    0xff, 0x0, 0xff, 0xff, 0x80, 0x7f, 0xf4, 0xc4,
    0x40, 0x1f, 0x9c, 0x3, 0x10, 0x4, 0x80, 0x18,
    0xc0, 0x22, 0x40, 0xa, 0x14, 0x44, 0xb0, 0x0,
    0x14, 0x8, 0x0, 0xab, 0xb9, 0x40, 0x14, 0x80,
    0x1d, 0x80, 0x3f, 0x3b, 0x80, 0x29, 0xb5, 0x10,
    0x1, 0x2e, 0x40, 0x0,

    /* U+0056 "V" */
    0x7f, 0xf9, 0x80, 0x3c, 0xbf, 0xf4, 0xa0, 0x5,
    0x80, 0x1e, 0xc0, 0xb, 0x4c, 0x40, 0x8, 0x1,
    0xe4, 0x0, 0x90, 0x1c, 0x0, 0x24, 0x1, 0x84,
    0x80, 0x8, 0x0, 0xc0, 0x9, 0x0, 0x32, 0x0,
    0x5a, 0x0, 0x50, 0xb, 0x0, 0x36, 0x0, 0x4e,
    0x1, 0x20, 0x1, 0x0, 0x32, 0x0, 0x8, 0x40,
    0x2c, 0x0, 0x9, 0x0, 0x4, 0x80, 0xa, 0x1,
    0x94, 0x2, 0x40, 0x2, 0x0, 0x56, 0x1, 0x88,
    0x80, 0xc, 0x0, 0x60, 0x0, 0x4c, 0x3, 0x90,
    0x0, 0x80, 0x4, 0x0, 0x20, 0x7, 0xb4, 0x0,
    0x24, 0x24, 0x0, 0xf0, 0xf, 0x20, 0x4, 0x88,
    0x0, 0x90, 0x3, 0xe4, 0x0, 0x66, 0x0, 0x6,
    0x20, 0x1f, 0x68, 0x1, 0x10, 0x0, 0xb0, 0xf,
    0xce, 0x0, 0x12, 0x0, 0x20, 0x7, 0xe1, 0x20,
    0xc, 0x26, 0x1, 0xfc, 0xa0, 0x19, 0xc0, 0x3f,
    0xd8, 0x1, 0xb0, 0x3, 0xfc, 0x80, 0x19, 0x40,
    0x38,

    /* U+0057 "W" */
    0x3f, 0xf9, 0x80, 0x37, 0xfc, 0x60, 0x12, 0x7f,
    0xca, 0x60, 0x17, 0x80, 0x46, 0x1, 0x28, 0x4,
    0x40, 0x13, 0x81, 0x0, 0x8, 0x2, 0x50, 0xb,
    0xc0, 0x2f, 0x0, 0x88, 0x1c, 0x0, 0xa0, 0x17,
    0x80, 0x4a, 0x1, 0x10, 0x0, 0xc0, 0x1a, 0x0,
    0x10, 0x9, 0x0, 0x23, 0x0, 0x94, 0x0, 0xc0,
    0x3, 0x0, 0x8c, 0x0, 0x40, 0x18, 0x80, 0x2,
    0x0, 0xd0, 0x2, 0x80, 0x4c, 0x6, 0x1, 0xc8,
    0x6, 0x1, 0x18, 0x0, 0x44, 0x0, 0xd0, 0x50,
    0x1, 0x0, 0x3c, 0x18, 0x2, 0x50, 0x9, 0x40,
    0x4, 0x1e, 0x0, 0xa0, 0x2, 0x86, 0x80, 0x4,
    0x40, 0x11, 0x80, 0x1c, 0x14, 0x0, 0xc2, 0x6,
    0x4, 0x0, 0x50, 0xd, 0xc0, 0x2, 0x3, 0x1,
    0x12, 0x80, 0x9, 0xc0, 0x6, 0x1, 0x94, 0x2,
    0x40, 0x2, 0x81, 0x80, 0x1c, 0x80, 0x1a, 0x1,
    0x8c, 0x2, 0xe0, 0x6, 0x6, 0x80, 0x3c, 0x2,
    0x70, 0xe, 0x20, 0x2, 0x80, 0xc, 0x10, 0x0,
    0xa0, 0x11, 0x0, 0x73, 0x80, 0x72, 0x80, 0x88,
    0x3, 0x18, 0x7, 0xb4, 0x3, 0x10, 0x80, 0x14,
    0x3, 0x28, 0x7, 0x8c, 0x3, 0x38, 0x4, 0x60,
    0x1b, 0x80, 0x3c, 0xa0, 0x1b, 0x40, 0x2c, 0x0,
    0xc6, 0x1, 0xe1, 0x10, 0x4, 0x80, 0x12, 0x80,
    0x65, 0x0, 0xf9, 0x40, 0x23, 0x0, 0x84, 0x40,
    0x1, 0x10, 0x4,

    /* U+0058 "X" */
    0x1f, 0xfc, 0x20, 0x19, 0x7f, 0xeb, 0x1, 0x60,
    0xa, 0x40, 0x34, 0x80, 0x50, 0x0, 0x80, 0x9,
    0x80, 0x23, 0x30, 0x1, 0xc, 0x0, 0x2e, 0x0,
    0x16, 0x0, 0x50, 0x5, 0x0, 0x1a, 0x40, 0x2b,
    0x1, 0x60, 0x2, 0x18, 0x6, 0x17, 0x0, 0x12,
    0x30, 0x5, 0x0, 0x1e, 0x90, 0xa, 0x24, 0x0,
    0x86, 0x1, 0xe1, 0x70, 0x1, 0x88, 0x3, 0xc0,
    0x3f, 0x48, 0x7, 0x1a, 0x0, 0x7e, 0x17, 0x0,
    0xd0, 0x1, 0xfe, 0x30, 0xc, 0x20, 0x1f, 0xc6,
    0x80, 0x1a, 0x0, 0x3f, 0xa0, 0x3, 0x89, 0x40,
    0x3e, 0x34, 0x0, 0x30, 0x5, 0x0, 0x1f, 0x40,
    0x5, 0xe, 0x0, 0x25, 0x0, 0xe3, 0x40, 0x2,
    0x8d, 0x0, 0x50, 0x1, 0xd0, 0x1, 0x48, 0x12,
    0x0, 0x9, 0x40, 0x23, 0x40, 0x1, 0x98, 0x1,
    0xe0, 0x14, 0x80, 0x52, 0x1, 0x48, 0x4, 0x84,
    0x0, 0x35, 0x2, 0x50, 0x0, 0xa8, 0x6, 0xb0,
    0xa, 0x40,

    /* U+0059 "Y" */
    0x8f, 0xf9, 0xc0, 0x39, 0xbf, 0xe9, 0x90, 0x5,
    0x60, 0x1d, 0xa0, 0x15, 0x8a, 0x80, 0xc, 0x80,
    0x21, 0x40, 0x2, 0x10, 0x48, 0x5, 0x40, 0x13,
    0x0, 0x5e, 0x0, 0x33, 0x0, 0x14, 0x2, 0xb0,
    0x1, 0x20, 0x5, 0x40, 0x2, 0x30, 0x23, 0x0,
    0x50, 0x6, 0x61, 0x0, 0x58, 0x50, 0x4, 0xc0,
    0x1c, 0xc0, 0x6, 0x5, 0x0, 0x30, 0x80, 0x74,
    0x80, 0x5, 0xc8, 0x1, 0x60, 0x1e, 0x15, 0x0,
    0x40, 0x1, 0x8, 0x3, 0xe9, 0x0, 0xef, 0x0,
    0xfc, 0x64, 0x1, 0x12, 0x0, 0x7f, 0x58, 0x5,
    0x40, 0x1f, 0xe3, 0x0, 0x84, 0x3, 0xff, 0xfe,
    0x1, 0xff, 0xc8,

    /* U+005A "Z" */
    0xff, 0xff, 0xe0, 0x50, 0x7, 0xff, 0x37, 0x7f,
    0xff, 0x18, 0x0, 0x5c, 0x3, 0xe5, 0x30, 0x4,
    0x0, 0x7e, 0xb0, 0x1, 0xb0, 0x7, 0xce, 0x20,
    0xf, 0x0, 0xf8, 0x60, 0x0, 0xa6, 0x1, 0xf5,
    0x80, 0x50, 0x1, 0xf1, 0xa8, 0x1, 0xc8, 0x3,
    0xef, 0x0, 0xc, 0x0, 0x7c, 0xa6, 0x0, 0x80,
    0xf, 0xd6, 0x0, 0x26, 0x0, 0xf9, 0xc4, 0x1,
    0x20, 0x1f, 0xc, 0x0, 0x11, 0x0, 0x1f, 0x40,
    0x5, 0x20, 0x1f, 0x1b, 0x0, 0x18, 0x80, 0x3e,
    0x80, 0x9, 0xbf, 0xfe, 0xd5, 0x0, 0xff, 0xe6,
    0x80,

    /* U+005B "[" */
    0x5d, 0xdd, 0x26, 0x45, 0xc0, 0x1f, 0xee, 0xb0,
    0xf, 0xff, 0xf8, 0x7, 0xff, 0xaf, 0x24, 0x3,
    0x11, 0x0, 0x3c,

    /* U+005D "]" */
    0x7d, 0xdc, 0xfe, 0x45, 0xb8, 0x3, 0xd1, 0xe2,
    0x1, 0xff, 0xff, 0x0, 0xff, 0xf5, 0x36, 0x8,
    0x5, 0xc6, 0x1, 0xfe,

    /* U+005E "^" */
    0x0, 0xdf, 0xed, 0x0, 0xf9, 0x40, 0x4, 0x60,
    0x1e, 0xf0, 0xa, 0xc0, 0x3c, 0xa0, 0x13, 0x0,
    0x72, 0x80, 0x1c, 0x4, 0xc0, 0x37, 0x0, 0xc0,
    0x2, 0x80, 0x21, 0x40, 0x70, 0x40, 0x70, 0x9,
    0xc0, 0x1a, 0x18, 0x2, 0x80, 0xa, 0x0, 0x20,
    0x28, 0x3, 0x40, 0x4c, 0x10, 0x0, 0x44, 0x7,
    0x0,

    /* U+005F "_" */
    0x9d, 0xdf, 0xec, 0x22, 0xff, 0x80, 0x3f, 0xe0,

    /* U+0060 "`" */
    0x2, 0x28, 0x40, 0x34, 0xee, 0xb8, 0xc0, 0x2b,
    0x30, 0x7, 0x0, 0x6d, 0x20, 0x27, 0x0, 0x87,
    0x4, 0x20, 0x80,

    /* U+0061 "a" */
    0x0, 0x14, 0xf7, 0xfb, 0x18, 0x3, 0x2e, 0xb0,
    0x80, 0xe, 0x68, 0x0, 0x34, 0x1, 0x18, 0x4,
    0xa8, 0xc, 0x1, 0x66, 0x38, 0x2, 0xd0, 0x37,
    0x74, 0x18, 0x9, 0x0, 0x8, 0x12, 0x20, 0xe0,
    0x44, 0x0, 0xf9, 0xf7, 0xf7, 0x44, 0x1, 0xd7,
    0x4, 0x1, 0xf9, 0x90, 0x0, 0xdd, 0xe6, 0x1,
    0xb4, 0x0, 0x52, 0x20, 0x1e, 0x60, 0x3, 0x80,
    0x7e, 0x10, 0x2, 0x0, 0xc, 0xc0, 0x19, 0x0,
    0x3, 0xfb, 0x80, 0x1d, 0x24, 0x1, 0x10, 0x8,
    0x1, 0x80, 0x71, 0x84, 0xa, 0xa4, 0x0, 0x42,

    /* U+0062 "b" */
    0x7f, 0xf8, 0x3, 0xff, 0xf8, 0x55, 0xfe, 0xc5,
    0x0, 0xf6, 0x28, 0x0, 0xe9, 0xc0, 0x38, 0x40,
    0x3a, 0x4, 0x3, 0x37, 0xfa, 0x0, 0x26, 0x0,
    0xd2, 0x0, 0x71, 0x0, 0x68, 0x7, 0xe5, 0x0,
    0x30, 0x7, 0xe1, 0x0, 0x8, 0x7, 0xff, 0x50,
    0x40, 0x2, 0x1, 0xf9, 0x40, 0xc, 0x1, 0xa4,
    0x0, 0xe2, 0x0, 0xd0, 0xc, 0xdf, 0xe8, 0x0,
    0x98, 0x2, 0x12, 0x0, 0xe8, 0x10, 0x8, 0xb1,
    0x40, 0x7, 0x4e, 0x0,

    /* U+0063 "c" */
    0x0, 0x14, 0xf7, 0xfb, 0x18, 0x3, 0x26, 0xb0,
    0x80, 0xe, 0x68, 0x2, 0xa0, 0xf, 0x95, 0x40,
    0xc2, 0x0, 0xaf, 0xe2, 0x0, 0x48, 0x68, 0x0,
    0xd4, 0x6, 0x0, 0x6, 0xc, 0x0, 0x50, 0x9,
    0xd9, 0xa0, 0x20, 0x0, 0x80, 0x45, 0x33, 0x0,
    0x7f, 0xf3, 0x48, 0x0, 0x20, 0x18, 0xce, 0x6,
    0x0, 0x28, 0x4, 0xb9, 0x90, 0x68, 0x0, 0xd4,
    0x1, 0x20, 0x2, 0x6, 0x10, 0x5, 0x7f, 0x8c,
    0x1, 0x60, 0xa, 0x0, 0xf9, 0x98, 0x0, 0x4d,
    0x61, 0x0, 0x1d, 0x48, 0x0,

    /* U+0064 "d" */
    0x0, 0xf8, 0xff, 0xe5, 0x0, 0xff, 0xf9, 0x36,
    0xff, 0x48, 0x7, 0xa2, 0x48, 0x5, 0xb4, 0x3,
    0x13, 0x80, 0x70, 0x80, 0x6a, 0x0, 0xa7, 0xf9,
    0x0, 0x32, 0x0, 0x9, 0x80, 0x60, 0x3, 0x10,
    0x1, 0x0, 0x3f, 0x8, 0x0, 0x40, 0x3f, 0xfa,
    0x82, 0x0, 0x10, 0xf, 0xc4, 0x0, 0x50, 0xf,
    0xc8, 0x0, 0x36, 0x1, 0x80, 0xd, 0x40, 0x14,
    0xff, 0x20, 0x6, 0x27, 0x0, 0xe3, 0x0, 0xe8,
    0xa2, 0x1, 0x6c, 0x10, 0x8,

    /* U+0065 "e" */
    0x0, 0xc, 0x6f, 0xfb, 0x5c, 0x3, 0x17, 0xb9,
    0x0, 0xa, 0x34, 0x2, 0xe1, 0x0, 0xf1, 0x48,
    0x21, 0x80, 0x1f, 0xfc, 0xc0, 0x6, 0xd, 0x0,
    0xc, 0x0, 0x2c, 0x2, 0x45, 0x0, 0x28, 0x4,
    0x40, 0x11, 0x8, 0x1, 0x3f, 0xf0, 0x4, 0x20,
    0x1f, 0xfc, 0x32, 0x77, 0xf8, 0xc4, 0x0, 0xd1,
    0x1f, 0x23, 0x0, 0x10, 0x3, 0x84, 0x1, 0xe0,
    0x15, 0x8, 0x1, 0x7d, 0x81, 0x4c, 0x0, 0xbd,
    0xcf, 0xa1, 0x91, 0xe, 0x20, 0x8, 0x40, 0x26,
    0x10, 0x2d, 0x83, 0x0, 0xa, 0x5c, 0x80,

    /* U+0066 "f" */
    0x0, 0xc9, 0x9f, 0xea, 0x0, 0x9a, 0xcc, 0x0,
    0xc0, 0x1, 0x90, 0xf, 0x90, 0x2, 0x7f, 0xc0,
    0x6, 0x80, 0x50, 0x1, 0xff, 0x37, 0xb8, 0x5,
    0xfe, 0x50, 0xf, 0xe5, 0x51, 0x0, 0x4a, 0xa6,
    0x3a, 0x50, 0xa, 0xa8, 0x60, 0x1f, 0xff, 0xf0,
    0xf, 0xfe, 0x60,

    /* U+0067 "g" */
    0x0, 0x26, 0x7f, 0xac, 0xef, 0xfd, 0x0, 0xd6,
    0x60, 0x4, 0xc5, 0x0, 0x8a, 0x40, 0x3c, 0x20,
    0x15, 0x0, 0x4f, 0xfe, 0x80, 0xc, 0x60, 0x1,
    0x80, 0x3, 0x80, 0x65, 0x0, 0x20, 0x7, 0xe1,
    0x0, 0x10, 0x7, 0xff, 0x50, 0x40, 0x4, 0x1,
    0xf9, 0x40, 0x8, 0x1, 0xfb, 0x0, 0x3, 0x0,
    0x7, 0x0, 0xcc, 0x1, 0x3f, 0xfa, 0x0, 0x30,
    0xc8, 0x7, 0x8, 0x7, 0x35, 0x98, 0x1, 0x30,
    0x3, 0xc9, 0x9f, 0xeb, 0x20, 0xf, 0x8, 0x6,
    0x20, 0xb, 0x80, 0xbd, 0x80, 0x29, 0x0, 0x90,
    0x2c, 0x67, 0xf7, 0xd0, 0x0, 0x84, 0x6, 0x1,
    0x10, 0x4, 0x54, 0x0, 0xab, 0x51, 0x0, 0x1c,
    0x68, 0x80,

    /* U+0068 "h" */
    0x9f, 0xf8, 0x3, 0xff, 0xf8, 0x35, 0xfe, 0xc4,
    0x0, 0xf6, 0x28, 0x0, 0xed, 0x0, 0x38, 0x80,
    0x3a, 0x0, 0x39, 0xff, 0xc6, 0x0, 0x31, 0x0,
    0xd0, 0x0, 0x90, 0x8, 0x80, 0x3e, 0x10, 0xf,
    0xfe, 0x1b, 0x80, 0x7f, 0xff, 0xc0, 0x3f, 0xf9,
    0x20,

    /* U+0069 "i" */
    0x1c, 0xfb, 0x7, 0x30, 0x45, 0x0, 0xc2, 0xcc,
    0x37, 0x40, 0x9c, 0x80, 0xf, 0x27, 0xfc, 0x60,
    0x1f, 0xff, 0xa0,

    /* U+006A "j" */
    0x0, 0xe, 0x7d, 0x0, 0x52, 0x60, 0xa6, 0x0,
    0xf0, 0x8, 0x40, 0xe, 0xc7, 0x4, 0x1, 0x4e,
    0x38, 0x7, 0xf9, 0x7f, 0xe3, 0x0, 0xff, 0xff,
    0x80, 0x7f, 0xf6, 0x4, 0x1, 0xe0, 0x11, 0xd7,
    0xa8, 0x0, 0xc4, 0x3, 0xa0, 0x8, 0x0, 0x76,
    0x80,

    /* U+006B "k" */
    0x7f, 0xf8, 0x3, 0xff, 0xfe, 0x1, 0xec, 0xff,
    0x98, 0x3, 0xe6, 0x30, 0x2, 0xb0, 0x7, 0x86,
    0x40, 0x3, 0x60, 0x1f, 0x58, 0x5, 0x42, 0x1,
    0xe5, 0x50, 0x1, 0xd0, 0x3, 0xeb, 0x0, 0x1c,
    0x0, 0x7e, 0x10, 0x2, 0x0, 0x7f, 0xf0, 0x1c,
    0x40, 0x3f, 0xf8, 0x10, 0x1, 0xf9, 0x58, 0x0,
    0xc4, 0x1, 0xf5, 0x40, 0x5, 0x20, 0x1f, 0x85,
    0x80, 0x8, 0x80, 0xf, 0xd0, 0x1, 0x40, 0x7,
    0xe1, 0x60, 0x1, 0xa8, 0x7, 0xe8, 0x0, 0xac,
    0x0,

    /* U+006C "l" */
    0x4f, 0xf8, 0xc0, 0x3f, 0xff, 0xe0, 0x1f, 0xfc,
    0xd0,

    /* U+006D "m" */
    0x7f, 0xf6, 0x8c, 0xf7, 0xea, 0x80, 0xd7, 0x7e,
    0xb0, 0x7, 0x17, 0xb0, 0x81, 0x53, 0x7a, 0x88,
    0x14, 0xa8, 0x7, 0x8, 0x7, 0x48, 0x80, 0x74,
    0x0, 0x73, 0xff, 0x18, 0x4, 0x9f, 0xe4, 0x0,
    0x11, 0x0, 0x34, 0x0, 0xd0, 0x5, 0xe0, 0xf,
    0x0, 0x98, 0x3, 0xe3, 0x0, 0x98, 0x0, 0xe0,
    0x1f, 0xfc, 0xa1, 0x0, 0xff, 0xff, 0x80, 0x7f,
    0xff, 0xc0, 0x0,

    /* U+006E "n" */
    0x8f, 0xf6, 0xc, 0xf7, 0xea, 0x80, 0x71, 0x7b,
    0x8, 0x15, 0x28, 0x6, 0x11, 0x0, 0x74, 0x80,
    0x73, 0xff, 0x8c, 0x0, 0x62, 0x1, 0xa0, 0x1,
    0x20, 0x11, 0x0, 0x7c, 0x20, 0x1f, 0xfc, 0x37,
    0x0, 0xff, 0xff, 0x80, 0x7f, 0xf2, 0x40,

    /* U+006F "o" */
    0x0, 0xc, 0x6f, 0xfb, 0x5c, 0x3, 0x17, 0xb9,
    0x0, 0xa, 0x34, 0x40, 0x1e, 0x20, 0x1e, 0x2d,
    0x5, 0x20, 0x3, 0x7f, 0x94, 0x0, 0x69, 0xe0,
    0x1, 0x90, 0x5, 0x0, 0x5a, 0xe0, 0x4, 0x0,
    0xc8, 0x0, 0x52, 0x0, 0x18, 0x6, 0x10, 0x1,
    0x0, 0x7e, 0x30, 0xf, 0xfe, 0x19, 0x0, 0xc,
    0x3, 0x10, 0x0, 0x9c, 0x0, 0x80, 0x19, 0x40,
    0xb, 0xe0, 0x1, 0x90, 0x4, 0x8, 0x3, 0x54,
    0xc0, 0xd, 0xfe, 0x70, 0x1, 0xa0, 0x71, 0x0,
    0x78, 0xb4, 0x0, 0x5a, 0xe4, 0x0, 0x27, 0xd1,
    0x0,

    /* U+0070 "p" */
    0x7f, 0xf6, 0x15, 0xff, 0xb1, 0x40, 0x38, 0xb1,
    0x0, 0x7, 0x4e, 0x1, 0x84, 0x40, 0x1d, 0x2,
    0x1, 0x9f, 0xfc, 0xe0, 0x13, 0x80, 0x68, 0x0,
    0x40, 0x5, 0x80, 0x1f, 0x8c, 0x0, 0xc0, 0x1f,
    0x98, 0x0, 0x20, 0x1f, 0xfd, 0x46, 0x0, 0x8,
    0x7, 0xe2, 0x0, 0x30, 0x6, 0x70, 0x4, 0x8,
    0x3, 0x0, 0x34, 0x7f, 0x9c, 0x2, 0x60, 0xc,
    0x20, 0x1d, 0x20, 0x1d, 0x8a, 0x0, 0x3a, 0x60,
    0xe, 0x2a, 0xff, 0x62, 0x80, 0x7f, 0xfc, 0x80,

    /* U+0071 "q" */
    0x0, 0x36, 0xff, 0xa8, 0x77, 0xfc, 0xa1, 0x32,
    0x20, 0x2, 0xe1, 0x0, 0x46, 0xc0, 0x1c, 0x40,
    0x1a, 0x80, 0x29, 0xff, 0x28, 0x6, 0x50, 0x1,
    0x30, 0x2, 0x40, 0x31, 0x0, 0x10, 0x3, 0xf0,
    0x80, 0x4, 0x3, 0xff, 0xa8, 0x20, 0x1, 0x0,
    0xfc, 0x40, 0x4, 0x0, 0xfc, 0x80, 0x2, 0x60,
    0x5, 0x0, 0x6a, 0x0, 0xa7, 0xfc, 0xc0, 0x18,
    0x9c, 0x3, 0x84, 0x3, 0xa2, 0x48, 0x0, 0xb4,
    0x1, 0xe6, 0xdf, 0xf5, 0x38, 0x7, 0xff, 0xd0,

    /* U+0072 "r" */
    0x7f, 0xf6, 0x96, 0x7b, 0x80, 0x45, 0xe6, 0x1e,
    0x1, 0x88, 0x3, 0xf2, 0xbe, 0x0, 0x6a, 0xa4,
    0x20, 0x6, 0x50, 0xf, 0xff, 0xf8,

    /* U+0073 "s" */
    0x0, 0x92, 0xff, 0xdd, 0x46, 0x1, 0xa2, 0xd0,
    0x0, 0x2b, 0x8c, 0x0, 0x37, 0x0, 0xa, 0x0,
    0x52, 0x41, 0x40, 0x1, 0xeb, 0xc0, 0x9, 0x40,
    0xc0, 0x6, 0x0, 0x37, 0x78, 0xc3, 0x40, 0x5,
    0x44, 0x11, 0x12, 0x3, 0x8, 0x1, 0x76, 0xd0,
    0x3, 0xf, 0xa0, 0x4, 0x97, 0x84, 0x1, 0xd,
    0xe2, 0x80, 0x47, 0x82, 0x1, 0x8e, 0xb5, 0x0,
    0x2, 0xc1, 0x77, 0x20, 0x15, 0x90, 0x3, 0x41,
    0x91, 0x1c, 0x0, 0x13, 0x0, 0x18, 0x50, 0x1,
    0x7b, 0x3c, 0x40, 0x14, 0xe, 0xa0, 0x1, 0x31,
    0x0, 0x39, 0x80, 0x2a, 0x86, 0x0, 0x14, 0xb8,
    0x0,

    /* U+0074 "t" */
    0x0, 0x34, 0x41, 0x40, 0x35, 0xbb, 0xbc, 0x3,
    0xff, 0x8d, 0x5e, 0x40, 0x5, 0xfb, 0x0, 0xfd,
    0xaa, 0x1, 0xa, 0xe3, 0xd1, 0x0, 0x12, 0x9c,
    0x3, 0xff, 0xdc, 0x20, 0x7, 0x10, 0x9, 0x40,
    0x5, 0xd8, 0x0, 0xa0, 0xf, 0x8e, 0xc8, 0x0,
    0xa0,

    /* U+0075 "u" */
    0x9f, 0xf8, 0x2, 0x4f, 0xf9, 0x0, 0x3f, 0xff,
    0xe0, 0x1f, 0xfc, 0x91, 0x0, 0xff, 0xe5, 0xf0,
    0x4, 0xe0, 0x50, 0x1, 0x9c, 0x2, 0x8f, 0xd3,
    0x0, 0xc2, 0xc0, 0x1c, 0x40, 0x1d, 0x30, 0x20,
    0x2d, 0xe0, 0x18,

    /* U+0076 "v" */
    0x7f, 0xf8, 0xc0, 0x2c, 0xff, 0x6a, 0x80, 0x4a,
    0x1, 0x18, 0x1, 0x48, 0x40, 0x18, 0x0, 0x30,
    0xb, 0x1, 0xc0, 0xe, 0x0, 0x50, 0x9, 0x3,
    0x0, 0x4, 0x21, 0x80, 0x4, 0x0, 0x20, 0x4,
    0xa0, 0xe0, 0xc, 0x0, 0x9, 0x80, 0xc, 0x48,
    0x0, 0xa0, 0x12, 0x0, 0x31, 0x40, 0x2, 0x40,
    0x15, 0x80, 0x14, 0xc0, 0xe, 0x1, 0x8c, 0x40,
    0x68, 0x1, 0x80, 0x1c, 0x80, 0x2, 0x0, 0x20,
    0x7, 0x60, 0x6, 0x31, 0x0, 0xe7, 0x0, 0xc8,
    0x1, 0xe1, 0x20, 0xa, 0xc0, 0x3e, 0x40, 0x8,
    0xc0, 0x20,

    /* U+0077 "w" */
    0x6f, 0xf8, 0x2, 0x8f, 0xf2, 0x0, 0xf, 0xfe,
    0x34, 0x0, 0x88, 0x0, 0x60, 0xc, 0x0, 0x30,
    0x4, 0x64, 0x1, 0x38, 0x1, 0x0, 0x8, 0x0,
    0xd0, 0x1, 0x80, 0x10, 0x1, 0xa0, 0x60, 0x11,
    0x80, 0xc, 0x0, 0x80, 0x3, 0x0, 0x18, 0x20,
    0x6, 0x40, 0x50, 0x6, 0x80, 0x30, 0x0, 0xc1,
    0x80, 0x1b, 0x0, 0x40, 0x8, 0x0, 0x50, 0x1,
    0x2, 0x1, 0x88, 0x19, 0x80, 0x2, 0x20, 0x0,
    0x88, 0x0, 0xc0, 0x4, 0x50, 0x45, 0x0, 0x28,
    0x6, 0x40, 0x5, 0x80, 0x33, 0x0, 0xa, 0x0,
    0x60, 0x6, 0xd0, 0x1, 0x0, 0x11, 0x0, 0x3,
    0x0, 0x18, 0x6, 0x40, 0xc, 0x60, 0x62, 0x1,
    0x90, 0x3, 0x18, 0x6, 0x40, 0x2, 0x80, 0x44,
    0x1, 0xe3, 0x0, 0xb0, 0x1, 0x80, 0x12, 0x0,
    0x79, 0x40, 0x24, 0x0, 0x20, 0x5, 0xe0, 0x1e,
    0xf0, 0x1, 0x80, 0x46, 0x20, 0x5, 0x0, 0x80,

    /* U+0078 "x" */
    0x2f, 0xfa, 0x80, 0x2f, 0xfa, 0xc0, 0x98, 0x0,
    0xa4, 0xc, 0x1, 0x40, 0x2, 0xc0, 0x2b, 0xb,
    0x0, 0x29, 0x80, 0x9, 0x80, 0xc, 0xc2, 0x0,
    0x40, 0x6, 0x80, 0xa, 0x40, 0xa, 0x40, 0x18,
    0x58, 0x3, 0xa0, 0x3, 0xd0, 0x1, 0x98, 0x80,
    0x3c, 0x26, 0x1, 0x68, 0x7, 0xc6, 0x60, 0xa,
    0x0, 0x3e, 0x80, 0xc, 0x68, 0x1, 0xc6, 0x80,
    0x1d, 0x0, 0x1d, 0x0, 0x1, 0xa0, 0x1, 0xa0,
    0x4, 0x68, 0x0, 0x95, 0x20, 0x4, 0x80, 0x50,
    0x1, 0x38, 0x40, 0x0, 0x94, 0x11, 0x0, 0x7,
    0x0, 0x28, 0x80, 0x20, 0x0,

    /* U+0079 "y" */
    0x9f, 0xf8, 0xc0, 0x2d, 0xff, 0x6e, 0x80, 0x25,
    0x0, 0x9, 0x0, 0x15, 0x0, 0x2c, 0x0, 0x28,
    0x5, 0x80, 0x80, 0x7, 0x0, 0x60, 0x4, 0x81,
    0xa0, 0x2, 0x10, 0x40, 0x2, 0x0, 0x10, 0x2,
    0x50, 0x30, 0x6, 0x80, 0x8, 0x80, 0xc, 0x30,
    0x9, 0x0, 0x24, 0x0, 0x22, 0x0, 0x4, 0x40,
    0xb, 0x40, 0x7, 0x80, 0x4, 0x0, 0xc8, 0x1,
    0x20, 0x3, 0x40, 0x39, 0x0, 0x39, 0x0, 0x3b,
    0x40, 0x32, 0x0, 0x79, 0x0, 0x36, 0x80, 0x78,
    0x88, 0x1, 0x20, 0x7, 0xc8, 0x0, 0x22, 0x0,
    0x7f, 0x90, 0x3, 0xf3, 0x80, 0x34, 0x3, 0xc3,
    0x2, 0x0, 0x40, 0xe, 0x7e, 0x70, 0x3, 0x0,
    0x78, 0x40, 0x21, 0x80, 0xf, 0x18, 0x1, 0x30,
    0x40, 0x38,

    /* U+007A "z" */
    0xbf, 0xff, 0xe5, 0x0, 0xff, 0xe4, 0xbd, 0xff,
    0xed, 0x0, 0x9c, 0x80, 0x3b, 0x80, 0x3, 0x0,
    0x1c, 0xc6, 0x0, 0xa0, 0xe, 0x18, 0x0, 0x22,
    0x0, 0x3a, 0xc4, 0x1, 0x40, 0x1c, 0x6a, 0x0,
    0x81, 0x0, 0xee, 0x0, 0x13, 0x80, 0x73, 0x90,
    0x3, 0x80, 0x38, 0x60, 0x0, 0xc6, 0x1, 0xd6,
    0x1, 0x3f, 0x77, 0x33, 0x80, 0x42, 0x3f, 0x0,
    0x7f, 0xc0,

    /* U+007B "{" */
    0x0, 0xe1, 0x82, 0x0, 0xc9, 0xce, 0xa0, 0x11,
    0x58, 0x0, 0x80, 0x28, 0x0, 0x3a, 0x80, 0x4a,
    0x0, 0xb0, 0x8, 0x40, 0x22, 0x0, 0x8c, 0x2,
    0x10, 0x8, 0x40, 0x3f, 0xf9, 0x6e, 0x0, 0x10,
    0xd, 0xe0, 0x7, 0x0, 0x16, 0xa0, 0x2, 0xc0,
    0xc, 0x40, 0xb, 0x20, 0x3, 0x8, 0x2, 0x84,
    0x0, 0x5c, 0x80, 0x30, 0x1, 0xb8, 0x0, 0xe0,
    0x19, 0x80, 0x2, 0x1, 0xff, 0xc8, 0x10, 0xf,
    0xfe, 0x19, 0x0, 0x46, 0x1, 0x94, 0x1, 0x60,
    0x1a, 0x0, 0xe, 0x80, 0x11, 0x50, 0x0, 0xc0,
    0x32, 0xeb, 0x28,

    /* U+007C "|" */
    0xaf, 0xb0, 0xf, 0xff, 0xb7, 0xbf, 0x0,

    /* U+007D "}" */
    0x7, 0x40, 0xe, 0x18, 0xb9, 0x0, 0xe2, 0x6,
    0x70, 0x8, 0x7c, 0x1, 0x2, 0x1, 0x11, 0x0,
    0x8, 0x1, 0x9c, 0x1, 0xa0, 0x1f, 0x8, 0x7,
    0xff, 0x20, 0xc0, 0x3e, 0x10, 0x1, 0x0, 0x6b,
    0x0, 0x21, 0x0, 0x46, 0xa0, 0xd, 0x60, 0xa,
    0x8c, 0x1, 0x80, 0x13, 0x98, 0x0, 0x80, 0x5,
    0x0, 0xb, 0x80, 0x2, 0x80, 0x11, 0x0, 0x17,
    0x0, 0x8, 0x3, 0x18, 0x7, 0xff, 0x38, 0x40,
    0x33, 0x0, 0x38, 0x2, 0x13, 0x0, 0x38, 0x5,
    0x40, 0x5, 0x10, 0x0, 0xa0, 0x1d, 0x0, 0x42,
    0xb1, 0x80, 0x18,

    /* U+007E "~" */
    0x0, 0x36, 0xfe, 0x18, 0x4, 0x51, 0x3, 0x6,
    0x92, 0x3, 0xc4, 0x0, 0x3b, 0xcc, 0x12, 0x1,
    0xd6, 0x83, 0x20, 0x7, 0x40, 0x2, 0xfc, 0x0,
    0x2f, 0x8c, 0xc, 0x8c, 0x1, 0x20, 0xf0, 0x1,
    0xde, 0x6, 0xee, 0x30, 0x3, 0xd1, 0x1, 0xd9,
    0x80,

    /* U+00A7 "§" */
    0x0, 0x9a, 0xfb, 0xfd, 0x8e, 0x1, 0x87, 0x25,
    0x4, 0x0, 0x71, 0xc4, 0x0, 0xa3, 0x0, 0x84,
    0x2, 0x1f, 0x2, 0x40, 0x1, 0xf7, 0x48, 0x0,
    0x25, 0x70, 0xb, 0xc4, 0x6, 0x80, 0x2c, 0x0,
    0xfc, 0x2a, 0x88, 0xe6, 0x0, 0xa0, 0x3, 0x55,
    0xd9, 0xcc, 0x80, 0x9, 0xd0, 0x40, 0x1e, 0xf0,
    0x8, 0x5f, 0x74, 0xe0, 0x19, 0x40, 0x3c, 0x51,
    0xc6, 0x7, 0x0, 0x8, 0x81, 0x0, 0x43, 0x85,
    0x40, 0x1, 0x77, 0x6d, 0x90, 0x5, 0x64, 0x0,
    0x30, 0x9, 0x34, 0x80, 0x8, 0x20, 0x2, 0x20,
    0x6, 0x40, 0x1, 0xe0, 0x5, 0x8c, 0x1, 0x10,
    0x0, 0x98, 0x80, 0x3, 0x3d, 0x2e, 0x80, 0x9,
    0xc, 0x30, 0x8, 0x5a, 0x0, 0xe, 0xa0, 0x39,
    0x46, 0x1, 0xed, 0x0, 0xcb, 0x9b, 0x2, 0x1,
    0x50, 0x80, 0x71, 0x3f, 0x30, 0x4, 0xf1, 0x98,
    0x90, 0xd, 0x20, 0x17, 0x11, 0x99, 0x80, 0x3f,
    0xb0, 0x2, 0xa1, 0x1, 0x90, 0xb, 0x98, 0x80,
    0xb, 0xdf, 0xcc, 0x0, 0x16, 0xf, 0x20, 0xf,
    0x87, 0x40, 0x5, 0xb0, 0x62, 0x0, 0x37, 0xf3,
    0x0,

    /* U+00A9 "©" */
    0x0, 0xf0, 0xac, 0xd5, 0x21, 0x40, 0x3f, 0xe1,
    0x9e, 0xa6, 0x55, 0x3d, 0x73, 0x80, 0x7e, 0x3f,
    0x63, 0x9d, 0xff, 0x6c, 0x1c, 0x60, 0x80, 0x71,
    0xe0, 0xce, 0x31, 0x0, 0x9, 0xf5, 0xcf, 0x4,
    0x3, 0x68, 0x63, 0x0, 0x7e, 0x89, 0x2a, 0x0,
    0xa0, 0x64, 0xc0, 0xf, 0xbf, 0xec, 0x50, 0x3,
    0x31, 0x14, 0x0, 0xe4, 0xc0, 0xc, 0x82, 0x20,
    0x9d, 0x38, 0x2, 0x42, 0x1, 0x42, 0xc0, 0xe,
    0x65, 0xba, 0xe9, 0x8, 0x0, 0x98, 0x89, 0x80,
    0xe0, 0xa, 0x8, 0x20, 0x3, 0x8, 0x18, 0x3,
    0x41, 0x8, 0x44, 0x0, 0x20, 0x40, 0xd, 0x98,
    0x30, 0x2, 0x87, 0x39, 0x80, 0x70, 0x80, 0x62,
    0x30, 0x8, 0x40, 0x40, 0xc0, 0x3f, 0xf8, 0x62,
    0x0, 0x61, 0x0, 0xe1, 0x0, 0xc8, 0xa2, 0x0,
    0x20, 0xed, 0x4, 0x0, 0x18, 0x38, 0x6, 0xaa,
    0x10, 0x1, 0x1, 0x14, 0x38, 0x1, 0x21, 0x8,
    0x3, 0x2, 0x23, 0x0, 0x50, 0x99, 0x22, 0x98,
    0x2b, 0xd, 0xff, 0x38, 0x58, 0x1, 0x8a, 0x40,
    0x12, 0x1c, 0x21, 0x36, 0xa6, 0x66, 0xd5, 0x2,
    0x91, 0x70, 0x1, 0x49, 0x61, 0x2, 0x56, 0x62,
    0x48, 0xf, 0x3, 0x40, 0x33, 0x41, 0x6b, 0x88,
    0x6, 0x29, 0xc1, 0xb3, 0x0, 0xe7, 0xb2, 0x8e,
    0xdb, 0xb6, 0xe9, 0x8f, 0x50, 0x3, 0xe4, 0xda,
    0x53, 0x44, 0x2, 0xde, 0x10, 0x6,

    /* U+00AB "«" */
    0x0, 0xb3, 0x90, 0x1b, 0xac, 0x2, 0x83, 0x32,
    0xc, 0x8f, 0x0, 0x9, 0xc2, 0x2, 0x80, 0x94,
    0x1, 0xc0, 0x4a, 0xa4, 0x8, 0x0, 0x31, 0x84,
    0x5, 0x81, 0x28, 0x2, 0xc0, 0xa, 0xa1, 0xa,
    0x0, 0xa0, 0x0, 0xaa, 0x20, 0xb0, 0x9, 0x50,
    0x20, 0x24, 0xd, 0x40, 0x29, 0x2, 0x54, 0x50,
    0x90, 0x8, 0x9c, 0x20, 0x20, 0xd, 0x0, 0x28,
    0x12, 0x52, 0x70, 0x80,

    /* U+00AE "®" */
    0x0, 0xf0, 0xac, 0xd5, 0x21, 0x40, 0x3f, 0xe1,
    0x9e, 0xa6, 0x55, 0x3d, 0x73, 0x80, 0x7e, 0x3f,
    0x63, 0x9d, 0xff, 0x6c, 0x1c, 0x60, 0x80, 0x71,
    0xe0, 0xce, 0x31, 0x0, 0x9, 0xf5, 0xcf, 0x4,
    0x3, 0x68, 0x63, 0x0, 0x7e, 0x89, 0x2a, 0x0,
    0xa0, 0x64, 0xc7, 0xff, 0xb1, 0x40, 0xc, 0xc4,
    0x50, 0x3, 0x9b, 0x0, 0x63, 0x31, 0x1d, 0x38,
    0x2, 0x2, 0x1, 0x42, 0x80, 0x30, 0xe6, 0x37,
    0x2, 0x0, 0x2, 0xc4, 0x4c, 0x7, 0x0, 0xfc,
    0x62, 0x4, 0x0, 0xd0, 0x42, 0x11, 0x0, 0x7e,
    0x11, 0x1, 0x0, 0x14, 0x39, 0xcc, 0x3, 0x86,
    0x21, 0x3e, 0x10, 0x1, 0x8, 0x8, 0x18, 0x7,
    0x9d, 0xcc, 0x22, 0x50, 0x8, 0x40, 0xc, 0x20,
    0x1e, 0xaa, 0x4a, 0xf, 0x0, 0x44, 0x1d, 0xa0,
    0x80, 0x18, 0x55, 0x4d, 0x60, 0x60, 0x12, 0x2,
    0x28, 0x70, 0x7, 0xf0, 0x80, 0x80, 0x28, 0x4c,
    0x91, 0x4c, 0x3, 0xfc, 0x60, 0xc5, 0x20, 0x9,
    0xe, 0x11, 0x2b, 0x80, 0x66, 0x50, 0x39, 0x17,
    0x0, 0x14, 0x96, 0x15, 0x48, 0x6, 0x8a, 0x1d,
    0xd, 0x0, 0xcd, 0x5, 0xae, 0x20, 0x18, 0xa7,
    0x6, 0xcc, 0x3, 0x9e, 0xca, 0x3b, 0x6e, 0xdb,
    0xa6, 0x3d, 0x40, 0xf, 0x93, 0x69, 0x4d, 0x10,
    0xb, 0x78, 0x40, 0x18,

    /* U+00B0 "°" */
    0x0, 0x3e, 0xfe, 0xa8, 0x5, 0x10, 0x20, 0x2a,
    0x50, 0x17, 0xc, 0xfa, 0x8, 0x2, 0x4, 0x30,
    0x50, 0x20, 0x20, 0x43, 0x5, 0x2, 0x1, 0x60,
    0xcf, 0xa0, 0x80, 0x4, 0xc0, 0x81, 0x52, 0x80,

    /* U+00B1 "±" */
    0x0, 0xcf, 0x10, 0x10, 0xf, 0xa5, 0xdc, 0x40,
    0x1f, 0xfd, 0x89, 0xff, 0x84, 0x1, 0x9f, 0xed,
    0x30, 0xf, 0xe3, 0x0, 0xff, 0xab, 0xfe, 0x10,
    0x6, 0x7f, 0xb8, 0x3, 0xff, 0xc9, 0x11, 0x10,
    0x7, 0xcc, 0xee, 0x10, 0x9, 0x7f, 0xff, 0x9c,
    0xc0, 0x3f, 0xbc, 0x3, 0xfe,

    /* U+00B5 "µ" */
    0x2f, 0xf9, 0x40, 0x28, 0xff, 0x80, 0x3f, 0xff,
    0xe0, 0x1f, 0xfc, 0xd2, 0x0, 0xff, 0xbc, 0x2,
    0x10, 0xf, 0x94, 0x41, 0x1c, 0x3, 0xe2, 0xef,
    0xb1, 0x0, 0xff, 0xe3, 0x98, 0x82, 0x40, 0x7,
    0xd3, 0xdf, 0x6f, 0xff, 0x0, 0x7f, 0xfc, 0x0,

    /* U+00B6 "¶" */
    0x0, 0xc, 0xf7, 0xfe, 0x50, 0x3f, 0x61, 0x0,
    0xf6, 0x88, 0x7, 0xce, 0x20, 0x1f, 0xb0, 0x3,
    0xf9, 0x40, 0x3f, 0xf8, 0xe6, 0x1, 0xfc, 0xe0,
    0x1f, 0xde, 0x1, 0xfc, 0xa6, 0x1, 0xfd, 0xa6,
    0x1, 0xf8, 0x72, 0x95, 0x8, 0x3, 0xcb, 0x57,
    0x60, 0xf, 0xff, 0x98,

    /* U+00BB "»" */
    0x7e, 0xa0, 0x6, 0xf2, 0x0, 0x4c, 0x2a, 0x81,
    0x43, 0x20, 0x10, 0xb0, 0x48, 0x38, 0x94, 0x0,
    0x50, 0x5, 0x1, 0x20, 0xe4, 0x0, 0x16, 0x7,
    0x27, 0x10, 0x90, 0xa, 0x80, 0x16, 0xe, 0x8,
    0x60, 0xa, 0x0, 0x50, 0x38, 0x19, 0x80, 0x58,
    0x18, 0xdc, 0x43, 0xc0, 0x12, 0x3, 0x1, 0x20,
    0xc6, 0x2, 0xe1, 0x2, 0xe2, 0x28, 0x0, 0x48,
    0x1b, 0x4, 0x85, 0x88, 0x0,

    /* U+00C0 "À" */
    0x0, 0x84, 0x8a, 0x10, 0xf, 0xfe, 0xf, 0xee,
    0xbc, 0x3, 0xff, 0x80, 0x3e, 0x20, 0x32, 0x1,
    0xff, 0xc0, 0x2d, 0x0, 0x31, 0x80, 0x7f, 0xf0,
    0xe, 0xc0, 0x1c, 0x1, 0xff, 0xc1, 0x4f, 0xf6,
    0x80, 0x7f, 0xf0, 0x63, 0xfe, 0x10, 0xf, 0xfe,
    0x2, 0x80, 0x4e, 0x1, 0xff, 0x11, 0x0, 0x2d,
    0x0, 0xff, 0x94, 0x3, 0x20, 0x80, 0x7f, 0xac,
    0x3, 0x90, 0x3, 0xf8, 0x4c, 0x0, 0x80, 0xf,
    0x0, 0xfe, 0x70, 0x0, 0xf8, 0x1, 0x40, 0x3f,
    0xb4, 0x0, 0xe8, 0x1, 0x20, 0x7, 0xe4, 0x0,
    0x60, 0x20, 0x3, 0x40, 0x3e, 0x50, 0x9, 0x3,
    0x0, 0xe, 0x1, 0xf7, 0x80, 0xc, 0x41, 0x0,
    0x2, 0x80, 0x1e, 0x50, 0x2, 0x0, 0xc, 0x40,
    0x1a, 0x1, 0xc8, 0x1, 0x60, 0x4, 0x80, 0x7,
    0x0, 0xed, 0x0, 0xaf, 0xfe, 0x50, 0x0, 0x98,
    0x6, 0x70, 0xf, 0xfa, 0xc0, 0x23, 0x10, 0xf,
    0xf9, 0x40, 0x2b, 0x0, 0xb7, 0xff, 0x98, 0x0,
    0x44, 0x0, 0x28, 0x0, 0x48, 0x3, 0xb4, 0x2,
    0x50, 0x22, 0x0, 0x10, 0x3, 0xc8, 0x1, 0x58,
    0x28, 0x5, 0xe0, 0x1f, 0x18, 0x0, 0xc4,

    /* U+00C1 "Á" */
    0x0, 0xfe, 0x22, 0xc0, 0x1f, 0xfc, 0x3, 0xdd,
    0xa0, 0x3, 0xff, 0x81, 0xe0, 0x4, 0xa0, 0xf,
    0xf9, 0xcc, 0xe, 0xc0, 0x3f, 0xe2, 0x80, 0x2d,
    0x0, 0xff, 0xe0, 0x17, 0xfb, 0x44, 0x3, 0xff,
    0x81, 0x1f, 0xf0, 0x80, 0x7f, 0xf0, 0x14, 0x2,
    0x70, 0xf, 0xf8, 0x88, 0x1, 0x68, 0x7, 0xfc,
    0xa0, 0x19, 0x4, 0x3, 0xfd, 0x60, 0x1c, 0x80,
    0x1f, 0xc2, 0x60, 0x4, 0x0, 0x78, 0x7, 0xf3,
    0x80, 0x7, 0xc0, 0xa, 0x1, 0xfd, 0xa0, 0x7,
    0x40, 0x9, 0x0, 0x3f, 0x20, 0x3, 0x1, 0x0,
    0x1a, 0x1, 0xf2, 0x80, 0x48, 0x18, 0x0, 0x70,
    0xf, 0xbc, 0x0, 0x62, 0x8, 0x0, 0x14, 0x0,
    0xf2, 0x80, 0x10, 0x0, 0x62, 0x0, 0xd0, 0xe,
    0x40, 0xb, 0x0, 0x24, 0x0, 0x38, 0x7, 0x68,
    0x5, 0x7f, 0xf2, 0x80, 0x4, 0xc0, 0x33, 0x80,
    0x7f, 0xd6, 0x1, 0x18, 0x80, 0x7f, 0xca, 0x1,
    0x58, 0x5, 0xbf, 0xfc, 0xc0, 0x2, 0x20, 0x1,
    0x40, 0x2, 0x40, 0x1d, 0xa0, 0x12, 0x81, 0x10,
    0x0, 0x80, 0x1e, 0x40, 0xa, 0xc1, 0x40, 0x2f,
    0x0, 0xf8, 0xc0, 0x6, 0x20,

    /* U+00C2 "Â" */
    0x0, 0xf1, 0xff, 0xb0, 0x3, 0xff, 0x80, 0x98,
    0x2, 0x78, 0x1, 0xfe, 0x4b, 0x6, 0xf2, 0x3c,
    0x0, 0xfe, 0x37, 0x99, 0xe, 0x3a, 0x20, 0x3,
    0xf3, 0xc3, 0x0, 0x6, 0x20, 0x80, 0x1f, 0xe8,
    0xff, 0x84, 0x3, 0xff, 0x80, 0xa0, 0x13, 0x80,
    0x7f, 0xc4, 0x40, 0xb, 0x40, 0x3f, 0xe5, 0x0,
    0xc8, 0x20, 0x1f, 0xeb, 0x0, 0xe4, 0x0, 0xfe,
    0x13, 0x0, 0x20, 0x3, 0xc0, 0x3f, 0x9c, 0x0,
    0x3e, 0x0, 0x50, 0xf, 0xed, 0x0, 0x3a, 0x0,
    0x48, 0x1, 0xf9, 0x0, 0x18, 0x8, 0x0, 0xd0,
    0xf, 0x94, 0x2, 0x40, 0xc0, 0x3, 0x80, 0x7d,
    0xe0, 0x3, 0x10, 0x40, 0x0, 0xa0, 0x7, 0x94,
    0x0, 0x80, 0x3, 0x10, 0x6, 0x80, 0x72, 0x0,
    0x58, 0x1, 0x20, 0x1, 0xc0, 0x3b, 0x40, 0x2b,
    0xff, 0x94, 0x0, 0x26, 0x1, 0x9c, 0x3, 0xfe,
    0xb0, 0x8, 0xc4, 0x3, 0xfe, 0x50, 0xa, 0xc0,
    0x2d, 0xff, 0xe6, 0x0, 0x11, 0x0, 0xa, 0x0,
    0x12, 0x0, 0xed, 0x0, 0x94, 0x8, 0x80, 0x4,
    0x0, 0xf2, 0x0, 0x56, 0xa, 0x1, 0x78, 0x7,
    0xc6, 0x0, 0x31,

    /* U+00C3 "Ã" */
    0x0, 0xff, 0x84, 0x3, 0xfd, 0x5f, 0xaa, 0x11,
    0xd4, 0x1, 0xfa, 0x54, 0xa, 0xbd, 0xc3, 0x0,
    0x3f, 0x30, 0x3c, 0x8, 0x0, 0xd8, 0x3, 0xf5,
    0x52, 0x1f, 0xae, 0xd8, 0x1, 0xfc, 0xaa, 0x0,
    0x91, 0x0, 0x1f, 0xfc, 0x8, 0xff, 0x84, 0x3,
    0xff, 0x80, 0xa0, 0x13, 0x80, 0x7f, 0xc4, 0x40,
    0xb, 0x40, 0x3f, 0xe5, 0x0, 0xc8, 0x20, 0x1f,
    0xeb, 0x0, 0xe4, 0x0, 0xfe, 0x13, 0x0, 0x20,
    0x3, 0xc0, 0x3f, 0x9c, 0x0, 0x3e, 0x0, 0x50,
    0xf, 0xed, 0x0, 0x3a, 0x0, 0x48, 0x1, 0xf9,
    0x0, 0x18, 0x8, 0x0, 0xd0, 0xf, 0x94, 0x2,
    0x40, 0xc0, 0x3, 0x80, 0x7d, 0xe0, 0x3, 0x10,
    0x40, 0x0, 0xa0, 0x7, 0x94, 0x0, 0x80, 0x3,
    0x10, 0x6, 0x80, 0x72, 0x0, 0x58, 0x1, 0x20,
    0x1, 0xc0, 0x3b, 0x40, 0x2b, 0xff, 0x94, 0x0,
    0x26, 0x1, 0x9c, 0x3, 0xfe, 0xb0, 0x8, 0xc4,
    0x3, 0xfe, 0x50, 0xa, 0xc0, 0x2d, 0xff, 0xe6,
    0x0, 0x11, 0x0, 0xa, 0x0, 0x12, 0x0, 0xed,
    0x0, 0x94, 0x8, 0x80, 0x4, 0x0, 0xf2, 0x0,
    0x56, 0xa, 0x1, 0x78, 0x7, 0xc6, 0x0, 0x31,

    /* U+00C4 "Ä" */
    0x0, 0xc6, 0x80, 0x18, 0x50, 0x40, 0x3e, 0x6c,
    0xb9, 0x0, 0xbe, 0xf8, 0x80, 0x3d, 0x80, 0x4,
    0x0, 0x10, 0x80, 0x1c, 0x3, 0xd2, 0x21, 0x0,
    0x2, 0x50, 0x45, 0x0, 0xf1, 0xf7, 0xa8, 0x5,
    0x5f, 0x60, 0x1f, 0xe8, 0xff, 0x84, 0x3, 0xff,
    0x80, 0xa0, 0x13, 0x80, 0x7f, 0xc4, 0x40, 0xb,
    0x40, 0x3f, 0xe5, 0x0, 0xc8, 0x20, 0x1f, 0xeb,
    0x0, 0xe4, 0x0, 0xfe, 0x13, 0x0, 0x20, 0x3,
    0xc0, 0x3f, 0x9c, 0x0, 0x3e, 0x0, 0x50, 0xf,
    0xed, 0x0, 0x3a, 0x0, 0x48, 0x1, 0xf9, 0x0,
    0x18, 0x8, 0x0, 0xd0, 0xf, 0x94, 0x2, 0x40,
    0xc0, 0x3, 0x80, 0x7d, 0xe0, 0x3, 0x10, 0x40,
    0x0, 0xa0, 0x7, 0x94, 0x0, 0x80, 0x3, 0x10,
    0x6, 0x80, 0x72, 0x0, 0x58, 0x1, 0x20, 0x1,
    0xc0, 0x3b, 0x40, 0x2b, 0xff, 0x94, 0x0, 0x26,
    0x1, 0x9c, 0x3, 0xfe, 0xb0, 0x8, 0xc4, 0x3,
    0xfe, 0x50, 0xa, 0xc0, 0x2d, 0xff, 0xe6, 0x0,
    0x11, 0x0, 0xa, 0x0, 0x12, 0x0, 0xed, 0x0,
    0x94, 0x8, 0x80, 0x4, 0x0, 0xf2, 0x0, 0x56,
    0xa, 0x1, 0x78, 0x7, 0xc6, 0x0, 0x31,

    /* U+00C5 "Å" */
    0x0, 0xff, 0xe5, 0xbf, 0x7e, 0xa0, 0x7, 0xfc,
    0xd0, 0xd6, 0xd6, 0x20, 0x1f, 0xec, 0x18, 0x49,
    0x4, 0x0, 0xff, 0x68, 0xa8, 0xd8, 0x38, 0x7,
    0xf9, 0xd6, 0xb9, 0xa0, 0x80, 0x3f, 0xea, 0xec,
    0xe7, 0x0, 0xff, 0xe0, 0x47, 0x67, 0x8, 0x7,
    0xff, 0x1, 0x40, 0x27, 0x0, 0xff, 0x88, 0x80,
    0x16, 0x80, 0x7f, 0xca, 0x1, 0x90, 0x40, 0x3f,
    0xd6, 0x1, 0xc8, 0x1, 0xfc, 0x26, 0x0, 0x40,
    0x7, 0x80, 0x7f, 0x38, 0x0, 0x7c, 0x0, 0xa0,
    0x1f, 0xda, 0x0, 0x74, 0x0, 0x90, 0x3, 0xf2,
    0x0, 0x30, 0x10, 0x1, 0xa0, 0x1f, 0x28, 0x4,
    0x81, 0x80, 0x7, 0x0, 0xfb, 0xc0, 0x6, 0x20,
    0x80, 0x1, 0x40, 0xf, 0x28, 0x1, 0x0, 0x6,
    0x20, 0xd, 0x0, 0xe4, 0x0, 0xb0, 0x2, 0x40,
    0x3, 0x80, 0x76, 0x80, 0x57, 0xff, 0x28, 0x0,
    0x4c, 0x3, 0x38, 0x7, 0xfd, 0x60, 0x11, 0x88,
    0x7, 0xfc, 0xa0, 0x15, 0x80, 0x5b, 0xff, 0xcc,
    0x0, 0x22, 0x0, 0x14, 0x0, 0x24, 0x1, 0xda,
    0x1, 0x28, 0x11, 0x0, 0x8, 0x1, 0xe4, 0x0,
    0xac, 0x14, 0x2, 0xf0, 0xf, 0x8c, 0x0, 0x62,

    /* U+00C6 "Æ" */
    0x0, 0xfe, 0xef, 0xff, 0xf9, 0x0, 0x3f, 0x30,
    0x80, 0x7f, 0xf2, 0x2c, 0x3, 0xff, 0x90, 0xa4,
    0x1, 0xd5, 0xff, 0xe4, 0x0, 0xfa, 0x40, 0x2,
    0x1, 0xff, 0xc5, 0x33, 0x0, 0x20, 0x2, 0x30,
    0xf, 0xfe, 0xc, 0x0, 0x9, 0xc0, 0x3f, 0xf8,
    0x84, 0x80, 0xa, 0x0, 0xc2, 0x1, 0xff, 0xc0,
    0xb0, 0x9, 0x84, 0x2, 0x8f, 0xfe, 0x50, 0xe,
    0x16, 0x0, 0x28, 0x80, 0x7f, 0xf1, 0x24, 0x2,
    0x90, 0xf, 0xfe, 0x2b, 0x0, 0x8, 0xc0, 0x2,
    0x0, 0x6f, 0xfe, 0x50, 0xc, 0xc2, 0x0, 0x2f,
    0xf8, 0x40, 0x6, 0x1, 0xfe, 0xb0, 0xf, 0xfe,
    0x42, 0x90, 0x7, 0xf8, 0x40, 0x3f, 0xa4, 0x2,
    0xbd, 0xdc, 0x40, 0x1f, 0xf2, 0x18, 0x1, 0x10,
    0x45, 0x84, 0x0, 0xe0, 0x1f, 0xbc, 0x2, 0xe0,
    0xe, 0x70, 0x1, 0xff, 0xfb, 0x89, 0x0, 0x2,
    0xa0, 0x1c, 0x20, 0x1f, 0xc3, 0x60, 0x13, 0x0,
    0x7f, 0xf1, 0x40,

    /* U+00C7 "Ç" */
    0x0, 0xcf, 0x9f, 0xee, 0xb5, 0x0, 0xe3, 0xe8,
    0x30, 0x0, 0xa5, 0x60, 0x4, 0x3a, 0x20, 0x1f,
    0x1d, 0x80, 0x2c, 0x40, 0xf, 0xbf, 0x88, 0x0,
    0x43, 0x15, 0x0, 0x24, 0x10, 0x1d, 0x0, 0x54,
    0x80, 0x17, 0x80, 0x61, 0x30, 0x2, 0x68, 0x4,
    0xa0, 0x1c, 0xa4, 0x41, 0x10, 0x4, 0x20, 0x1d,
    0x3b, 0xac, 0x30, 0xf, 0xff, 0x59, 0x80, 0x7f,
    0xf0, 0x44, 0x2, 0x10, 0xe, 0x7a, 0xab, 0x40,
    0x25, 0x0, 0xeb, 0x55, 0x3a, 0x0, 0x5a, 0x1,
    0x84, 0xc0, 0xe, 0x2a, 0x0, 0x66, 0x0, 0xa,
    0x80, 0x2e, 0x8, 0x0, 0xa7, 0xfd, 0xa8, 0x0,
    0x44, 0x1, 0x60, 0x80, 0x7c, 0x74, 0x1, 0x1f,
    0xb9, 0x0, 0x49, 0x58, 0x20, 0x18, 0x62, 0x40,
    0xd, 0x6a, 0x1, 0xfc, 0x40, 0xd6, 0x1, 0xfc,
    0x9a, 0x20, 0x80, 0x1f, 0xe3, 0x10, 0x10, 0xf,
    0xf6, 0x0, 0x18, 0x3, 0xfe, 0x29, 0x80, 0xc,

    /* U+00C8 "È" */
    0x0, 0x11, 0x42, 0x1, 0xfa, 0x77, 0x5c, 0x40,
    0x1f, 0x59, 0x80, 0x38, 0x3, 0xf6, 0x90, 0x1b,
    0x0, 0x7c, 0x3e, 0x21, 0x22, 0x1, 0xf1, 0x77,
    0xf8, 0x40, 0x24, 0xff, 0xff, 0x80, 0x3f, 0xfa,
    0x11, 0xff, 0xf0, 0x6, 0x10, 0xf, 0xff, 0x1c,
    0xff, 0xf6, 0x0, 0x7f, 0xc2, 0x1, 0xff, 0xc5,
    0x9f, 0xfe, 0xd0, 0xf, 0xff, 0xac, 0xff, 0xfc,
    0x1, 0xff, 0xcc,

    /* U+00C9 "É" */
    0x0, 0xf8, 0x48, 0xa1, 0x0, 0xf0, 0xfe, 0xeb,
    0xc0, 0x3e, 0x81, 0x1, 0xc1, 0x0, 0xe4, 0x60,
    0x1c, 0x10, 0xf, 0x48, 0x3, 0x48, 0x3, 0xed,
    0xff, 0x18, 0x4, 0x9f, 0xff, 0xf0, 0x7, 0xff,
    0x42, 0x3f, 0xfe, 0x0, 0xc2, 0x1, 0xff, 0xe3,
    0x9f, 0xfe, 0xc0, 0xf, 0xf8, 0x40, 0x3f, 0xf8,
    0xb3, 0xff, 0xda, 0x1, 0xff, 0xf5, 0x9f, 0xff,
    0x80, 0x3f, 0xf9, 0x80,

    /* U+00CA "Ê" */
    0x0, 0xc3, 0xbf, 0xc4, 0x1, 0xe1, 0xc2, 0x11,
    0x61, 0x0, 0x62, 0xf2, 0x3e, 0x51, 0xc2, 0x0,
    0x9d, 0xa3, 0x2, 0xa1, 0x90, 0x2, 0x58, 0x70,
    0x9, 0xe1, 0x81, 0x3f, 0xff, 0xe0, 0xf, 0xfe,
    0x84, 0x7f, 0xfc, 0x1, 0x84, 0x3, 0xff, 0xc7,
    0x3f, 0xfd, 0x80, 0x1f, 0xf0, 0x80, 0x7f, 0xf1,
    0x67, 0xff, 0xb4, 0x3, 0xff, 0xeb, 0x3f, 0xff,
    0x0, 0x7f, 0xf3, 0x0,

    /* U+00CB "Ë" */
    0x0, 0x12, 0x0, 0x72, 0x10, 0x0, 0xf6, 0xf4,
    0x2, 0xbb, 0x6a, 0x82, 0x0, 0x8, 0x40, 0x8,
    0x0, 0xc0, 0x62, 0x7, 0x10, 0x4, 0x1, 0x58,
    0xe, 0xfc, 0x0, 0x4f, 0xfa, 0x49, 0xff, 0xff,
    0x0, 0x7f, 0xf4, 0x23, 0xff, 0xe0, 0xc, 0x20,
    0x1f, 0xfe, 0x39, 0xff, 0xec, 0x0, 0xff, 0x84,
    0x3, 0xff, 0x8b, 0x3f, 0xfd, 0xa0, 0x1f, 0xff,
    0x59, 0xff, 0xf8, 0x3, 0xff, 0x98,

    /* U+00CC "Ì" */
    0x2, 0x2c, 0x1, 0xaf, 0x76, 0x40, 0xa, 0x54,
    0x1, 0x40, 0x1a, 0x8c, 0x6, 0x40, 0x36, 0x90,
    0x31, 0x80, 0x43, 0xbf, 0xe3, 0x0, 0x87, 0xfe,
    0x80, 0xf, 0xff, 0xf8, 0x7, 0xff, 0xfc, 0x0,

    /* U+00CD "Í" */
    0x0, 0x84, 0x8a, 0x10, 0xb, 0x76, 0xc3, 0x0,
    0x39, 0x80, 0x34, 0x80, 0xa0, 0x1, 0x66, 0x0,
    0x90, 0x5, 0x20, 0x5, 0x7f, 0xe5, 0x0, 0x87,
    0xfe, 0x80, 0xf, 0xff, 0xf8, 0x7, 0xff, 0xfc,
    0x3, 0x80,

    /* U+00CE "Î" */
    0x0, 0xb3, 0xfc, 0x80, 0x1d, 0x86, 0x21, 0x66,
    0x1, 0x61, 0x97, 0xb8, 0x61, 0x82, 0x21, 0xfc,
    0x62, 0x5d, 0x1, 0x22, 0x4, 0x0, 0x68, 0x70,
    0x8, 0x7f, 0xe8, 0x0, 0xff, 0xff, 0x80, 0x7f,
    0xff, 0xc0, 0x3f, 0xfb, 0xe0,

    /* U+00CF "Ï" */
    0x1, 0x41, 0x0, 0xc6, 0x60, 0x1e, 0xbf, 0x10,
    0x4, 0x66, 0x1d, 0x0, 0x2, 0x40, 0x4, 0x0,
    0x62, 0xa0, 0x29, 0x80, 0x24, 0x45, 0xe1, 0x7f,
    0x40, 0x12, 0xf7, 0x10, 0x2, 0x1f, 0xfa, 0x0,
    0x3f, 0xff, 0xe0, 0x1f, 0xff, 0xf0, 0xf, 0xff,
    0x90,

    /* U+00D0 "Ð" */
    0x0, 0x6f, 0xff, 0x75, 0xb0, 0x7, 0xff, 0x0,
    0x52, 0x74, 0x80, 0x3f, 0xf8, 0x25, 0x82, 0x1,
    0xe2, 0xff, 0x6b, 0x80, 0x6, 0x80, 0x3f, 0x8a,
    0x1c, 0x0, 0x86, 0x1, 0xfe, 0x90, 0xa, 0xc0,
    0x3f, 0xc2, 0x20, 0x1, 0x80, 0x7f, 0xc4, 0x0,
    0x63, 0x63, 0x0, 0x1b, 0x30, 0x80, 0x3d, 0x32,
    0x10, 0x0, 0xcc, 0x94, 0x3, 0xff, 0x93, 0x5e,
    0x40, 0x2, 0xff, 0x38, 0x7, 0xff, 0x14, 0x40,
    0x3f, 0xf8, 0x46, 0x0, 0x60, 0xf, 0xf1, 0x8,
    0x0, 0xc0, 0x3f, 0xd6, 0x1, 0x58, 0x7, 0xe2,
    0x96, 0x0, 0x21, 0x80, 0x71, 0x7f, 0xb5, 0x80,
    0x3, 0x20, 0x1f, 0xfc, 0x2, 0xc2, 0x0, 0xfe,
    0x14, 0xad, 0x20, 0x0,

    /* U+00D1 "Ñ" */
    0x0, 0xff, 0x8, 0x7, 0xe7, 0xfe, 0x71, 0x4e,
    0xf0, 0xf, 0x2c, 0x0, 0xc7, 0x58, 0x20, 0x7,
    0xbc, 0x12, 0x4c, 0x0, 0x32, 0x1, 0xee, 0xaa,
    0x36, 0x62, 0xbc, 0x80, 0x3c, 0x8a, 0x20, 0x3,
    0x51, 0x0, 0xc9, 0xff, 0x40, 0x7, 0xbf, 0xe7,
    0x0, 0xce, 0x20, 0x1f, 0xfc, 0x29, 0x0, 0xff,
    0xe1, 0x38, 0x80, 0x7f, 0xf0, 0xa4, 0x3, 0xff,
    0x84, 0xe2, 0x1, 0xff, 0xc2, 0x90, 0xf, 0xf9,
    0x40, 0xe, 0x20, 0x1f, 0xee, 0x10, 0x4, 0x80,
    0x7f, 0x9e, 0x0, 0xe, 0x20, 0x1f, 0xe6, 0x10,
    0x4, 0x80, 0x7f, 0xd0, 0x0, 0x72, 0x0, 0xff,
    0x30, 0x80, 0x2c, 0x3, 0xfe, 0x80, 0x3, 0x0,
    0x7f, 0xcc, 0x40, 0x1f, 0xfc, 0x2b, 0x0, 0xff,
    0xe1, 0x31, 0x0, 0x7f, 0xf0, 0xac, 0x3, 0xff,
    0x84, 0xc4, 0x1, 0xff, 0xc2, 0xb0, 0xc,

    /* U+00D2 "Ò" */
    0x0, 0x88, 0xa1, 0x0, 0xff, 0xbb, 0x75, 0xe2,
    0x1, 0xfe, 0xd2, 0x1, 0xb0, 0xf, 0xf0, 0xf8,
    0x82, 0xa8, 0x3, 0xfc, 0x5a, 0x0, 0xb1, 0x0,
    0xff, 0x1f, 0xfb, 0x84, 0x3, 0xf9, 0xb3, 0xbf,
    0xad, 0x40, 0x3c, 0x5b, 0x26, 0x20, 0x29, 0x58,
    0x20, 0x10, 0xe1, 0x0, 0x7c, 0x7a, 0x1, 0x40,
    0x80, 0x13, 0x3a, 0xcc, 0x0, 0x6e, 0x0, 0x60,
    0x1, 0xd9, 0x8a, 0x60, 0x80, 0x24, 0x10, 0x2,
    0xa0, 0xe, 0x60, 0x0, 0x91, 0x80, 0x48, 0x1,
    0xd8, 0x1, 0x3f, 0x0, 0x46, 0x1, 0xce, 0x1,
    0x10, 0x6, 0x10, 0xe, 0x10, 0xc, 0x60, 0x1f,
    0xfe, 0x3, 0x0, 0xff, 0xe1, 0x8, 0x4, 0x40,
    0x1c, 0xc0, 0x11, 0x68, 0x4, 0xe0, 0x1c, 0x60,
    0x13, 0x20, 0x5, 0x20, 0x1d, 0x40, 0x1, 0x31,
    0x60, 0x1, 0xd9, 0x89, 0xd9, 0x0, 0x18, 0x1,
    0x2, 0x0, 0x4c, 0xec, 0x40, 0x1, 0x40, 0x0,
    0x70, 0x80, 0x3e, 0x2c, 0x0, 0xc5, 0xb2, 0x62,
    0x2, 0x93, 0xa2, 0x0,

    /* U+00D3 "Ó" */
    0x0, 0xfc, 0x24, 0x50, 0x7, 0xf8, 0x7b, 0x75,
    0xc0, 0x1f, 0xea, 0x0, 0x16, 0x80, 0x7f, 0x2a,
    0x0, 0xe0, 0x80, 0x7e, 0x1b, 0x1, 0xc1, 0x0,
    0xfe, 0x1e, 0xfe, 0x20, 0xf, 0xe6, 0xce, 0xfe,
    0xb5, 0x0, 0xf1, 0x6c, 0x98, 0x80, 0xa5, 0x60,
    0x80, 0x43, 0x84, 0x1, 0xf1, 0xe8, 0x5, 0x2,
    0x0, 0x4c, 0xeb, 0x30, 0x1, 0xb8, 0x1, 0x80,
    0x7, 0x66, 0x29, 0x82, 0x0, 0x90, 0x40, 0xa,
    0x80, 0x39, 0x80, 0x2, 0x46, 0x1, 0x20, 0x7,
    0x60, 0x4, 0xfc, 0x1, 0x18, 0x7, 0x38, 0x4,
    0x40, 0x18, 0x40, 0x38, 0x40, 0x31, 0x80, 0x7f,
    0xf8, 0xc, 0x3, 0xff, 0x84, 0x20, 0x11, 0x0,
    0x73, 0x0, 0x45, 0xa0, 0x13, 0x80, 0x71, 0x80,
    0x4c, 0x80, 0x14, 0x80, 0x75, 0x0, 0x4, 0xc5,
    0x80, 0x7, 0x66, 0x27, 0x64, 0x0, 0x60, 0x4,
    0x8, 0x1, 0x33, 0xb1, 0x0, 0x5, 0x0, 0x1,
    0xc2, 0x0, 0xf8, 0xb0, 0x3, 0x16, 0xc9, 0x88,
    0xa, 0x4e, 0x88, 0x0,

    /* U+00D4 "Ô" */
    0x0, 0xf3, 0x42, 0x80, 0x7f, 0xcf, 0x2f, 0x4a,
    0x1, 0xfc, 0xb0, 0x6, 0x14, 0x60, 0x1f, 0x1d,
    0x3, 0x62, 0x86, 0x90, 0x7, 0x95, 0xe2, 0x42,
    0xa1, 0x9c, 0x3, 0xcd, 0xe, 0x1, 0x3c, 0x28,
    0x7, 0xcd, 0x9d, 0xfd, 0x6a, 0x1, 0xe2, 0xd9,
    0x31, 0x1, 0x4a, 0xc1, 0x0, 0x87, 0x8, 0x3,
    0xe3, 0xd0, 0xa, 0x4, 0x0, 0x99, 0xd6, 0x60,
    0x3, 0x70, 0x3, 0x0, 0xe, 0xcc, 0x53, 0x4,
    0x1, 0x20, 0x80, 0x15, 0x0, 0x73, 0x0, 0x4,
    0x8c, 0x2, 0x40, 0xe, 0xc0, 0x9, 0xf8, 0x2,
    0x30, 0xe, 0x70, 0x8, 0x80, 0x30, 0x80, 0x70,
    0x80, 0x63, 0x0, 0xff, 0xf0, 0x18, 0x7, 0xff,
    0x8, 0x40, 0x22, 0x0, 0xe6, 0x0, 0x8b, 0x40,
    0x27, 0x0, 0xe3, 0x0, 0x99, 0x0, 0x29, 0x0,
    0xea, 0x0, 0x9, 0x8b, 0x0, 0xe, 0xcc, 0x4e,
    0xc8, 0x0, 0xc0, 0x8, 0x10, 0x2, 0x67, 0x62,
    0x0, 0xa, 0x0, 0x3, 0x84, 0x1, 0xf1, 0x60,
    0x6, 0x2d, 0x93, 0x10, 0x14, 0x9d, 0x10, 0x0,

    /* U+00D5 "Õ" */
    0x0, 0xff, 0x8, 0x7, 0xe9, 0xfd, 0x60, 0x6e,
    0xc0, 0xf, 0x3b, 0x1, 0x4f, 0xc8, 0x20, 0x7,
    0xa8, 0x1a, 0x8, 0x0, 0x52, 0x1, 0xe8, 0xa9,
    0x7d, 0xbb, 0x68, 0x80, 0x79, 0x54, 0x1, 0x22,
    0x0, 0x3f, 0x9b, 0x3b, 0xfa, 0xd4, 0x3, 0xc5,
    0xb2, 0x62, 0x2, 0x95, 0x82, 0x1, 0xe, 0x10,
    0x7, 0xc7, 0xa0, 0x14, 0x8, 0x1, 0x33, 0xac,
    0xc0, 0x6, 0xe0, 0x6, 0x0, 0x1d, 0x98, 0xa6,
    0x8, 0x2, 0x41, 0x0, 0x2a, 0x0, 0xe6, 0x0,
    0x9, 0x18, 0x4, 0x80, 0x1d, 0x80, 0x13, 0xf0,
    0x4, 0x60, 0x1c, 0xe0, 0x11, 0x0, 0x61, 0x0,
    0xe1, 0x0, 0xc6, 0x1, 0xff, 0xe0, 0x30, 0xf,
    0xfe, 0x10, 0x80, 0x44, 0x1, 0xcc, 0x1, 0x16,
    0x80, 0x4e, 0x1, 0xc6, 0x1, 0x32, 0x0, 0x52,
    0x1, 0xd4, 0x0, 0x13, 0x16, 0x0, 0x1d, 0x98,
    0x9d, 0x90, 0x1, 0x80, 0x10, 0x20, 0x4, 0xce,
    0xc4, 0x0, 0x14, 0x0, 0x7, 0x8, 0x3, 0xe2,
    0xc0, 0xc, 0x5b, 0x26, 0x20, 0x29, 0x3a, 0x20,
    0x0,

    /* U+00D6 "Ö" */
    0x0, 0x16, 0xfb, 0x80, 0x51, 0xfa, 0x20, 0x1a,
    0xc8, 0x20, 0x0, 0x2e, 0x4, 0xc0, 0x1b, 0x0,
    0x8, 0x0, 0x13, 0x0, 0x20, 0x6, 0x5d, 0xbb,
    0x0, 0x59, 0x7a, 0x60, 0x1c, 0x48, 0x1, 0xc8,
    0x40, 0x1f, 0x36, 0x77, 0xf5, 0xa8, 0x7, 0x8b,
    0x64, 0xc4, 0x5, 0x2b, 0x4, 0x2, 0x1c, 0x20,
    0xf, 0x8f, 0x40, 0x28, 0x10, 0x2, 0x67, 0x59,
    0x80, 0xd, 0xc0, 0xc, 0x0, 0x3b, 0x31, 0x4c,
    0x10, 0x4, 0x82, 0x0, 0x54, 0x1, 0xcc, 0x0,
    0x12, 0x30, 0x9, 0x0, 0x3b, 0x0, 0x27, 0xe0,
    0x8, 0xc0, 0x39, 0xc0, 0x22, 0x0, 0xc2, 0x1,
    0xc2, 0x1, 0x8c, 0x3, 0xff, 0xc0, 0x60, 0x1f,
    0xfc, 0x21, 0x0, 0x88, 0x3, 0x98, 0x2, 0x2d,
    0x0, 0x9c, 0x3, 0x8c, 0x2, 0x64, 0x0, 0xa4,
    0x3, 0xa8, 0x0, 0x26, 0x2c, 0x0, 0x3b, 0x31,
    0x3b, 0x20, 0x3, 0x0, 0x20, 0x40, 0x9, 0x9d,
    0x88, 0x0, 0x28, 0x0, 0xe, 0x10, 0x7, 0xc5,
    0x80, 0x18, 0xb6, 0x4c, 0x40, 0x52, 0x74, 0x40,
    0x0,

    /* U+00D7 "×" */
    0x0, 0x1a, 0x0, 0x72, 0x20, 0x2, 0x3c, 0xb2,
    0x0, 0x8a, 0xac, 0xc0, 0x1e, 0x0, 0xf1, 0x1,
    0xf1, 0xe, 0x0, 0x70, 0x0, 0xa8, 0x28, 0x80,
    0x1c, 0x0, 0x2b, 0x0, 0x26, 0xa0, 0x2, 0x8c,
    0x2, 0x48, 0x0, 0x10, 0x2, 0x14, 0x3, 0x9d,
    0x40, 0x24, 0x70, 0xf, 0xa, 0x0, 0x4a, 0x40,
    0x1e, 0xc1, 0x0, 0x87, 0xc4, 0x3, 0x51, 0x0,
    0x24, 0x0, 0x54, 0x1, 0x42, 0x80, 0x29, 0xac,
    0x0, 0x90, 0x1, 0xce, 0xa0, 0x90, 0x1, 0xd0,
    0xeb, 0x0, 0x13, 0xab, 0x40, 0x5, 0x14, 0x1,
    0xd5, 0x20, 0x0,

    /* U+00D8 "Ø" */
    0x0, 0xff, 0x93, 0xf8, 0x3, 0x92, 0xbb, 0xfa,
    0xd2, 0x2, 0x40, 0x34, 0xda, 0x88, 0xa, 0x59,
    0x8b, 0x80, 0x52, 0xc0, 0x1f, 0x94, 0x2, 0x46,
    0x0, 0xd, 0x6d, 0x90, 0x1, 0x10, 0x0, 0x80,
    0xb, 0x14, 0x90, 0x40, 0x28, 0x1, 0x30, 0x3,
    0x10, 0x1, 0xc, 0x2, 0x32, 0x40, 0xb, 0x0,
    0x28, 0x3, 0x0, 0x93, 0x40, 0x27, 0x0, 0x21,
    0x8f, 0x80, 0x5e, 0x20, 0x11, 0x0, 0x20, 0x24,
    0xc0, 0x23, 0x30, 0x7, 0x21, 0x8b, 0x80, 0x7f,
    0xd0, 0x12, 0x1, 0xe3, 0x0, 0xc8, 0x62, 0xe0,
    0x1e, 0x10, 0x8, 0xa0, 0x24, 0x0, 0x40, 0x11,
    0x68, 0x5, 0x66, 0x2e, 0x0, 0x60, 0xb, 0x90,
    0x2, 0x60, 0x90, 0xb, 0x40, 0x24, 0x13, 0x0,
    0x85, 0xc0, 0x2, 0xc0, 0x3, 0x20, 0x80, 0xc,
    0x82, 0x98, 0x1, 0x40, 0x1, 0x14, 0x0, 0x37,
    0xd6, 0x40, 0x5, 0x40, 0x9, 0x80, 0x3f, 0x2d,
    0x0, 0x48, 0x63, 0x48, 0x20, 0x29, 0x74, 0x1,
    0xa0, 0x25, 0x6f, 0xbf, 0xad, 0x0, 0x30,

    /* U+00D9 "Ù" */
    0x0, 0x11, 0x60, 0xf, 0xf2, 0x6e, 0xce, 0x1,
    0xfc, 0xd0, 0x0, 0x82, 0x0, 0xfe, 0x76, 0x0,
    0x70, 0x7, 0xfa, 0x50, 0xd, 0x80, 0x3f, 0xd7,
    0xfe, 0x60, 0xe, 0x7f, 0xf8, 0xc0, 0x31, 0xff,
    0xce, 0x1, 0xff, 0xff, 0x0, 0xff, 0xff, 0x80,
    0x7f, 0xf4, 0xc4, 0x40, 0x1f, 0x9c, 0x3, 0x10,
    0x4, 0x80, 0x18, 0xc0, 0x22, 0x40, 0xa, 0x14,
    0x44, 0xb0, 0x0, 0x14, 0x8, 0x0, 0xab, 0xb9,
    0x40, 0x14, 0x80, 0x1d, 0x80, 0x3f, 0x3b, 0x80,
    0x29, 0xb5, 0x10, 0x1, 0x2e, 0x40, 0x0,

    /* U+00DA "Ú" */
    0x0, 0xfc, 0x45, 0x8, 0x7, 0xf4, 0xee, 0xca,
    0x1, 0xf9, 0x18, 0x1, 0x48, 0x1, 0xfa, 0x40,
    0x12, 0xa0, 0x1f, 0xa0, 0x81, 0xd8, 0x3, 0xfa,
    0x3f, 0xd0, 0x1, 0xcf, 0xff, 0x18, 0x6, 0x3f,
    0xf9, 0xc0, 0x3f, 0xff, 0xe0, 0x1f, 0xff, 0xf0,
    0xf, 0xfe, 0x98, 0x88, 0x3, 0xf3, 0x80, 0x62,
    0x0, 0x90, 0x3, 0x18, 0x4, 0x48, 0x1, 0x42,
    0x88, 0x96, 0x0, 0x2, 0x81, 0x0, 0x15, 0x77,
    0x28, 0x2, 0x90, 0x3, 0xb0, 0x7, 0xe7, 0x70,
    0x5, 0x36, 0xa2, 0x0, 0x25, 0xc8, 0x0, 0x0,

    /* U+00DB "Û" */
    0x0, 0xe2, 0x87, 0x10, 0xf, 0xe1, 0xc7, 0x8d,
    0x0, 0xfe, 0xc1, 0x21, 0x3a, 0x0, 0xfa, 0xc8,
    0x7f, 0x41, 0x60, 0x3, 0x8c, 0xcf, 0xa4, 0x76,
    0xfe, 0x20, 0x18, 0xe2, 0x6, 0x0, 0x48, 0x71,
    0x0, 0x3f, 0xfc, 0x60, 0x18, 0xff, 0xe7, 0x0,
    0xff, 0xff, 0x80, 0x7f, 0xff, 0xc0, 0x3f, 0xfa,
    0x62, 0x20, 0xf, 0xce, 0x1, 0x88, 0x2, 0x40,
    0xc, 0x60, 0x11, 0x20, 0x5, 0xa, 0x22, 0x58,
    0x0, 0xa, 0x4, 0x0, 0x55, 0xdc, 0xa0, 0xa,
    0x40, 0xe, 0xc0, 0x1f, 0x9d, 0xc0, 0x14, 0xda,
    0x88, 0x0, 0x97, 0x20, 0x0,

    /* U+00DC "Ü" */
    0x0, 0x4f, 0xe0, 0x80, 0xf, 0xbd, 0x80, 0x21,
    0x60, 0x37, 0x0, 0x50, 0x84, 0x0, 0x42, 0x40,
    0x5, 0x0, 0x60, 0x1, 0x0, 0x36, 0xde, 0x98,
    0x1, 0x72, 0xe8, 0x3, 0x90, 0x80, 0x31, 0xa0,
    0x4, 0xff, 0xf1, 0x80, 0x63, 0xff, 0x9c, 0x3,
    0xff, 0xfe, 0x1, 0xff, 0xff, 0x0, 0xff, 0xe9,
    0x88, 0x80, 0x3f, 0x38, 0x6, 0x20, 0x9, 0x0,
    0x31, 0x80, 0x44, 0x80, 0x14, 0x28, 0x89, 0x60,
    0x0, 0x28, 0x10, 0x1, 0x57, 0x72, 0x80, 0x29,
    0x0, 0x3b, 0x0, 0x7e, 0x77, 0x0, 0x53, 0x6a,
    0x20, 0x2, 0x5c, 0x80, 0x0,

    /* U+00DD "Ý" */
    0x0, 0xfc, 0x24, 0x50, 0x80, 0x7f, 0xbf, 0x75,
    0xe0, 0x1f, 0xe9, 0x10, 0x1c, 0x10, 0xf, 0xc6,
    0xc0, 0x38, 0x20, 0x1f, 0xdc, 0x0, 0xd2, 0x0,
    0xff, 0x6f, 0xf8, 0xc0, 0x3a, 0x3f, 0xe7, 0x0,
    0xe6, 0xff, 0xa6, 0x40, 0x15, 0x80, 0x76, 0x80,
    0x56, 0x2a, 0x0, 0x32, 0x0, 0x85, 0x0, 0x8,
    0x41, 0x20, 0x15, 0x0, 0x4c, 0x1, 0x78, 0x0,
    0xcc, 0x0, 0x50, 0xa, 0xc0, 0x4, 0x80, 0x15,
    0x0, 0x8, 0xc0, 0x8c, 0x1, 0x40, 0x19, 0x84,
    0x1, 0x61, 0x40, 0x13, 0x0, 0x73, 0x0, 0x18,
    0x14, 0x0, 0xc2, 0x1, 0xd2, 0x0, 0x17, 0x20,
    0x5, 0x80, 0x78, 0x54, 0x1, 0x0, 0x4, 0x20,
    0xf, 0xa4, 0x3, 0xbc, 0x3, 0xf1, 0x90, 0x4,
    0x48, 0x1, 0xfd, 0x60, 0x15, 0x0, 0x7f, 0x8c,
    0x2, 0x10, 0xf, 0xff, 0xf8, 0x7, 0xff, 0x20,

    /* U+00DE "Þ" */
    0x3f, 0xf9, 0x0, 0x3f, 0xfc, 0xf7, 0xff, 0x63,
    0x80, 0x7f, 0xc7, 0x1a, 0x40, 0x1f, 0xf1, 0x78,
    0x7, 0x5f, 0xfb, 0x94, 0x0, 0x4c, 0x1, 0xf0,
    0xd0, 0x80, 0x34, 0x3, 0xf9, 0x0, 0xc, 0x1,
    0xff, 0xca, 0x40, 0x3, 0x0, 0x7e, 0x91, 0x0,
    0x68, 0x6, 0xbe, 0xe7, 0xb0, 0x0, 0x98, 0x3,
    0x84, 0x40, 0x10, 0xf8, 0x7, 0xf1, 0xc7, 0x10,
    0x7, 0x5f, 0xfd, 0x8e, 0x1, 0xff, 0xde,

    /* U+00DF "ß" */
    0x0, 0x8e, 0xb7, 0xb1, 0xc0, 0x3e, 0x7c, 0x52,
    0x13, 0x8d, 0x10, 0xc, 0x90, 0x1, 0xe2, 0xb0,
    0xd, 0x0, 0x1, 0xde, 0x30, 0x2, 0x80, 0x63,
    0x0, 0x31, 0xc, 0x0, 0x46, 0x0, 0x20, 0xb,
    0x40, 0xe, 0x1, 0xe1, 0x0, 0x84, 0x0, 0xc0,
    0x11, 0x0, 0x7f, 0x48, 0x0, 0xc4, 0x3, 0xf1,
    0x98, 0x1, 0x20, 0x1f, 0xc8, 0x1, 0x28, 0x7,
    0xf7, 0x80, 0x7f, 0xf0, 0x78, 0x2, 0x60, 0xf,
    0xe7, 0x0, 0xa4, 0xc0, 0x3f, 0xc, 0x80, 0x58,
    0x40, 0x1f, 0x99, 0xc0, 0x2e, 0x0, 0xfe, 0x85,
    0x0, 0x19, 0x80, 0x3f, 0xa4, 0x2, 0x60, 0xf,
    0xe1, 0x0, 0xfe, 0x35, 0x0, 0x50, 0x4, 0xc0,
    0x1d, 0x75, 0xfe, 0x70, 0x0, 0x98, 0x7, 0x18,
    0x7, 0xa8, 0x3, 0xc6, 0x40, 0x1, 0x5c, 0x40,

    /* U+00E0 "à" */
    0xc, 0xff, 0x88, 0x3, 0xed, 0x20, 0x7, 0x0,
    0x7c, 0x38, 0x20, 0x6c, 0x1, 0xf0, 0xe0, 0x84,
    0x88, 0x7, 0xc5, 0xfb, 0xa0, 0xf, 0xe1, 0x22,
    0x8, 0x7, 0x8a, 0x7b, 0xfd, 0x8c, 0x1, 0x97,
    0x58, 0x40, 0x7, 0x34, 0x0, 0x1a, 0x0, 0x8c,
    0x2, 0x54, 0x6, 0x0, 0xb3, 0x1c, 0x1, 0x68,
    0x1b, 0xba, 0xc, 0x4, 0x80, 0x4, 0x9, 0x10,
    0x70, 0x22, 0x0, 0x7c, 0xfb, 0xfb, 0xa2, 0x0,
    0xeb, 0x82, 0x0, 0xfc, 0xc8, 0x0, 0x6e, 0xf3,
    0x0, 0xda, 0x0, 0x29, 0x10, 0xf, 0x30, 0x1,
    0xc0, 0x3f, 0x8, 0x1, 0x0, 0x6, 0x60, 0xc,
    0x80, 0x1, 0xfd, 0xc0, 0xe, 0x92, 0x0, 0x88,
    0x4, 0x0, 0xc0, 0x38, 0xc2, 0x5, 0x52, 0x0,
    0x21,

    /* U+00E1 "á" */
    0x0, 0xf6, 0x7f, 0xc4, 0x1, 0xe6, 0x30, 0x6,
    0x10, 0x7, 0xc, 0x80, 0x28, 0xc0, 0x3d, 0x40,
    0x9, 0x50, 0xf, 0xa7, 0x74, 0xc0, 0x1f, 0x88,
    0xa0, 0xf, 0x8a, 0x7b, 0xfd, 0x8c, 0x1, 0x97,
    0x58, 0x40, 0x7, 0x34, 0x0, 0x1a, 0x0, 0x8c,
    0x2, 0x54, 0x6, 0x0, 0xb3, 0x1c, 0x1, 0x68,
    0x1b, 0xba, 0xc, 0x4, 0x80, 0x4, 0x9, 0x10,
    0x70, 0x22, 0x0, 0x7c, 0xfb, 0xfb, 0xa2, 0x0,
    0xeb, 0x82, 0x0, 0xfc, 0xc8, 0x0, 0x6e, 0xf3,
    0x0, 0xda, 0x0, 0x29, 0x10, 0xf, 0x30, 0x1,
    0xc0, 0x3f, 0x8, 0x1, 0x0, 0x6, 0x60, 0xc,
    0x80, 0x1, 0xfd, 0xc0, 0xe, 0x92, 0x0, 0x88,
    0x4, 0x0, 0xc0, 0x38, 0xc2, 0x5, 0x52, 0x0,
    0x21,

    /* U+00E2 "â" */
    0x0, 0xd9, 0xfc, 0x40, 0x1f, 0x59, 0x80, 0xe0,
    0x80, 0x75, 0x20, 0x61, 0x8e, 0x80, 0x67, 0x41,
    0xb3, 0xd2, 0x25, 0x0, 0x4f, 0xdc, 0x40, 0x1d,
    0xea, 0x0, 0xff, 0xe2, 0x14, 0xf7, 0xfb, 0x18,
    0x3, 0x2e, 0xb0, 0x80, 0xe, 0x68, 0x0, 0x34,
    0x1, 0x18, 0x4, 0xa8, 0xc, 0x1, 0x66, 0x38,
    0x2, 0xd0, 0x37, 0x74, 0x18, 0x9, 0x0, 0x8,
    0x12, 0x20, 0xe0, 0x44, 0x0, 0xf9, 0xf7, 0xf7,
    0x44, 0x1, 0xd7, 0x4, 0x1, 0xf9, 0x90, 0x0,
    0xdd, 0xe6, 0x1, 0xb4, 0x0, 0x52, 0x20, 0x1e,
    0x60, 0x3, 0x80, 0x7e, 0x10, 0x2, 0x0, 0xc,
    0xc0, 0x19, 0x0, 0x3, 0xfb, 0x80, 0x1d, 0x24,
    0x1, 0x10, 0x8, 0x1, 0x80, 0x71, 0x84, 0xa,
    0xa4, 0x0, 0x42,

    /* U+00E3 "ã" */
    0x0, 0xfc, 0x20, 0x1c, 0xff, 0xd0, 0x29, 0xde,
    0x1, 0x24, 0x0, 0xbf, 0x58, 0x20, 0x5, 0xc0,
    0x92, 0x60, 0x1, 0x90, 0xb, 0xaa, 0x8d, 0x98,
    0xaf, 0x20, 0x9, 0x14, 0x40, 0x6, 0xa2, 0x1,
    0xff, 0xc5, 0x29, 0xef, 0xf6, 0x30, 0x6, 0x5d,
    0x61, 0x0, 0x1c, 0xd0, 0x0, 0x68, 0x2, 0x30,
    0x9, 0x50, 0x18, 0x2, 0xcc, 0x70, 0x5, 0xa0,
    0x6e, 0xe8, 0x30, 0x12, 0x0, 0x10, 0x24, 0x41,
    0xc0, 0x88, 0x1, 0xf3, 0xef, 0xee, 0x88, 0x3,
    0xae, 0x8, 0x3, 0xf3, 0x20, 0x1, 0xbb, 0xcc,
    0x3, 0x68, 0x0, 0xa4, 0x40, 0x3c, 0xc0, 0x7,
    0x0, 0xfc, 0x20, 0x4, 0x0, 0x19, 0x80, 0x32,
    0x0, 0x7, 0xf7, 0x0, 0x3a, 0x48, 0x2, 0x20,
    0x10, 0x3, 0x0, 0xe3, 0x8, 0x15, 0x48, 0x0,
    0x84,

    /* U+00E4 "ä" */
    0x1c, 0xfa, 0x0, 0x9b, 0xf8, 0xc1, 0xc, 0x14,
    0x80, 0x16, 0x3, 0x20, 0xe0, 0x1, 0x20, 0x2,
    0x0, 0x30, 0xb, 0xaf, 0x80, 0x29, 0xcd, 0x60,
    0x0, 0xa0, 0x7, 0x19, 0x0, 0x62, 0x9e, 0xff,
    0x63, 0x0, 0x65, 0xd6, 0x10, 0x1, 0xcd, 0x0,
    0x6, 0x80, 0x23, 0x0, 0x95, 0x1, 0x80, 0x2c,
    0xc7, 0x0, 0x5a, 0x6, 0xee, 0x83, 0x1, 0x20,
    0x1, 0x2, 0x44, 0x1c, 0x8, 0x80, 0x1f, 0x3e,
    0xfe, 0xe8, 0x80, 0x3a, 0xe0, 0x80, 0x3f, 0x32,
    0x0, 0x1b, 0xbc, 0xc0, 0x36, 0x80, 0xa, 0x44,
    0x3, 0xcc, 0x0, 0x70, 0xf, 0xc2, 0x0, 0x40,
    0x1, 0x98, 0x3, 0x20, 0x0, 0x7f, 0x70, 0x3,
    0xa4, 0x80, 0x22, 0x1, 0x0, 0x30, 0xe, 0x30,
    0x81, 0x54, 0x80, 0x8, 0x40,

    /* U+00E5 "å" */
    0x0, 0xff, 0xe1, 0xa6, 0xff, 0x38, 0x7, 0x86,
    0xda, 0xda, 0x18, 0x3, 0x90, 0x21, 0x20, 0x70,
    0x3, 0x9c, 0x28, 0x54, 0x74, 0x3, 0x8a, 0x5b,
    0xa9, 0x5c, 0x3, 0xcd, 0xf9, 0xb4, 0x1, 0xfc,
    0x64, 0x1, 0xf1, 0x4f, 0x7f, 0xb1, 0x80, 0x32,
    0xeb, 0x8, 0x0, 0xe6, 0x80, 0x3, 0x40, 0x11,
    0x80, 0x4a, 0x80, 0xc0, 0x16, 0x63, 0x80, 0x2d,
    0x3, 0x77, 0x41, 0x80, 0x90, 0x0, 0x81, 0x22,
    0xe, 0x4, 0x40, 0xf, 0x9f, 0x7f, 0x74, 0x40,
    0x1d, 0x70, 0x40, 0x1f, 0x99, 0x0, 0xd, 0xde,
    0x60, 0x1b, 0x40, 0x5, 0x22, 0x1, 0xe6, 0x0,
    0x38, 0x7, 0xe1, 0x0, 0x20, 0x0, 0xcc, 0x1,
    0x90, 0x0, 0x3f, 0xb8, 0x1, 0xd2, 0x40, 0x11,
    0x0, 0x80, 0x18, 0x7, 0x18, 0x40, 0xaa, 0x40,
    0x4, 0x20,

    /* U+00E6 "æ" */
    0x0, 0x14, 0xf7, 0xfb, 0x18, 0x12, 0xff, 0xdb,
    0x0, 0x19, 0x75, 0x84, 0x0, 0x73, 0xb6, 0x80,
    0x2, 0x7d, 0x10, 0x1a, 0x0, 0xf8, 0x80, 0x3c,
    0x56, 0xc, 0x1, 0x4f, 0xe8, 0x80, 0x45, 0xde,
    0xe0, 0x5, 0x12, 0x66, 0x3b, 0x1, 0x38, 0x5,
    0x2, 0x12, 0x1, 0x22, 0xcc, 0xa0, 0x2, 0x10,
    0x9, 0x0, 0x2, 0x20, 0x1, 0x0, 0x1b, 0x3b,
    0xfc, 0xe0, 0x17, 0x7f, 0xc2, 0x0, 0xf0, 0xc9,
    0x31, 0x0, 0xff, 0xe1, 0x41, 0x80, 0xe, 0x25,
    0x0, 0x29, 0x9f, 0xad, 0x80, 0x7, 0x8e, 0xc6,
    0x1, 0x33, 0x7c, 0x62, 0x0, 0x40, 0xf, 0x94,
    0x3, 0xe1, 0x0, 0x20, 0x0, 0x50, 0x2, 0x81,
    0x0, 0x9d, 0xc0, 0xe0, 0x3, 0xdb, 0xe3, 0x0,
    0x8b, 0xae, 0xdd, 0x12, 0x10, 0x20, 0x2, 0x40,
    0x2, 0xc0, 0x4, 0x88, 0x10, 0x31, 0x17, 0xb0,
    0x80, 0x12, 0xa8, 0xf8, 0xa2, 0x0, 0x39, 0xd1,

    /* U+00E7 "ç" */
    0x0, 0x14, 0xf7, 0xfb, 0x18, 0x3, 0x26, 0xb0,
    0x80, 0xe, 0x68, 0x2, 0xa0, 0xf, 0x95, 0x40,
    0xc2, 0x0, 0xaf, 0xe2, 0x0, 0x48, 0x68, 0x0,
    0xd4, 0x6, 0x0, 0x6, 0xc, 0x0, 0x50, 0x9,
    0xd9, 0xa0, 0x20, 0x0, 0x80, 0x45, 0x33, 0x0,
    0x7f, 0xf3, 0x48, 0x0, 0x20, 0x18, 0x8a, 0x6,
    0x0, 0x28, 0x4, 0x9b, 0xb0, 0x68, 0x0, 0xd0,
    0x1, 0xe0, 0x2, 0x6, 0x10, 0x5, 0xf7, 0xa0,
    0x2, 0xc0, 0x14, 0x1, 0x8, 0x4, 0xac, 0x0,
    0x4d, 0x60, 0x8, 0xea, 0x80, 0x18, 0xa4, 0xc0,
    0x7d, 0x40, 0x3e, 0x70, 0x1c, 0x20, 0xf, 0xad,
    0xc0, 0xa, 0x1, 0xf0, 0x98, 0x0, 0x40, 0x3e,
    0x84, 0x1, 0x70, 0xf, 0xc2, 0xb8, 0x20, 0x10,

    /* U+00E8 "è" */
    0x1d, 0xff, 0x70, 0x80, 0x78, 0x70, 0x40, 0x6c,
    0x3, 0xe1, 0xc1, 0x5, 0x50, 0x7, 0xc5, 0xa0,
    0xb, 0x10, 0xf, 0x8f, 0xb7, 0x4, 0x3, 0xf0,
    0x91, 0x0, 0x3e, 0x18, 0xdf, 0xf6, 0xb8, 0x6,
    0x2f, 0x72, 0x0, 0x14, 0x68, 0x5, 0xc2, 0x1,
    0xe2, 0x90, 0x43, 0x0, 0x3f, 0xf9, 0x80, 0xc,
    0x1a, 0x0, 0x18, 0x0, 0x58, 0x4, 0x8a, 0x0,
    0x50, 0x8, 0x80, 0x22, 0x10, 0x2, 0x7f, 0xe0,
    0x8, 0x40, 0x3f, 0xf8, 0x64, 0xef, 0xf1, 0x88,
    0x1, 0xa2, 0x3e, 0x46, 0x0, 0x20, 0x7, 0x8,
    0x3, 0xc0, 0x2a, 0x10, 0x2, 0xfb, 0x2, 0x98,
    0x1, 0x7b, 0x9f, 0x43, 0x22, 0x1c, 0x40, 0x10,
    0x80, 0x4c, 0x20, 0x5b, 0x6, 0x0, 0x14, 0xb9,
    0x0,

    /* U+00E9 "é" */
    0x0, 0xf6, 0xff, 0xb8, 0x80, 0x3d, 0x4, 0x0,
    0xc2, 0x0, 0xe2, 0x70, 0x6, 0x10, 0x7, 0xb8,
    0x1, 0x46, 0x1, 0xf7, 0x6f, 0x28, 0x7, 0xe2,
    0x20, 0x80, 0x7c, 0x31, 0xbf, 0xed, 0x70, 0xc,
    0x5e, 0xe4, 0x0, 0x28, 0xd0, 0xb, 0x84, 0x3,
    0xc5, 0x20, 0x86, 0x0, 0x7f, 0xf3, 0x0, 0x18,
    0x34, 0x0, 0x30, 0x0, 0xb0, 0x9, 0x14, 0x0,
    0xa0, 0x11, 0x0, 0x44, 0x20, 0x4, 0xff, 0xc0,
    0x10, 0x80, 0x7f, 0xf0, 0xc9, 0xdf, 0xe3, 0x10,
    0x3, 0x44, 0x7c, 0x8c, 0x0, 0x40, 0xe, 0x10,
    0x7, 0x80, 0x54, 0x20, 0x5, 0xf6, 0x5, 0x30,
    0x2, 0xf7, 0x3e, 0x86, 0x44, 0x38, 0x80, 0x21,
    0x0, 0x98, 0x40, 0xb6, 0xc, 0x0, 0x29, 0x72,
    0x0,

    /* U+00EA "ê" */
    0x0, 0x87, 0x7f, 0x84, 0x3, 0xed, 0x20, 0x1c,
    0x10, 0xe, 0xb3, 0x1c, 0x22, 0x50, 0x6, 0x85,
    0x1d, 0x3f, 0x25, 0x80, 0xa, 0x3b, 0x86, 0x5,
    0xbd, 0x0, 0x1f, 0xfc, 0x41, 0x8d, 0xff, 0x6b,
    0x80, 0x62, 0xf7, 0x20, 0x1, 0x46, 0x80, 0x5c,
    0x20, 0x1e, 0x29, 0x4, 0x30, 0x3, 0xff, 0x98,
    0x0, 0xc1, 0xa0, 0x1, 0x80, 0x5, 0x80, 0x48,
    0xa0, 0x5, 0x0, 0x88, 0x2, 0x21, 0x0, 0x27,
    0xfe, 0x0, 0x84, 0x3, 0xff, 0x86, 0x4e, 0xff,
    0x18, 0x80, 0x1a, 0x23, 0xe4, 0x60, 0x2, 0x0,
    0x70, 0x80, 0x3c, 0x2, 0xa1, 0x0, 0x2f, 0xb0,
    0x29, 0x80, 0x17, 0xb9, 0xf4, 0x32, 0x21, 0xc4,
    0x1, 0x8, 0x4, 0xc2, 0x5, 0xb0, 0x60, 0x1,
    0x4b, 0x90,

    /* U+00EB "ë" */
    0x1d, 0xf8, 0x0, 0x9f, 0xf4, 0x81, 0x88, 0x1c,
    0x40, 0x10, 0x5, 0x40, 0x80, 0x3, 0x10, 0x2,
    0x0, 0x30, 0xf, 0x6f, 0x0, 0x2b, 0xb6, 0xa0,
    0x0, 0x90, 0x3, 0x90, 0x80, 0x30, 0xc6, 0xff,
    0xb5, 0xc0, 0x31, 0x7b, 0x90, 0x0, 0xa3, 0x40,
    0x2e, 0x10, 0xf, 0x14, 0x82, 0x18, 0x1, 0xff,
    0xcc, 0x0, 0x60, 0xd0, 0x0, 0xc0, 0x2, 0xc0,
    0x24, 0x50, 0x2, 0x80, 0x44, 0x1, 0x10, 0x80,
    0x13, 0xff, 0x0, 0x42, 0x1, 0xff, 0xc3, 0x27,
    0x7f, 0x8c, 0x40, 0xd, 0x11, 0xf2, 0x30, 0x1,
    0x0, 0x38, 0x40, 0x1e, 0x1, 0x50, 0x80, 0x17,
    0xd8, 0x14, 0xc0, 0xb, 0xdc, 0xfa, 0x19, 0x10,
    0xe2, 0x0, 0x84, 0x2, 0x61, 0x2, 0xd8, 0x30,
    0x0, 0xa5, 0xc8, 0x0,

    /* U+00EC "ì" */
    0xc, 0xff, 0x84, 0x2, 0xd2, 0x0, 0x50, 0x4,
    0x3e, 0x20, 0x8a, 0x1, 0x16, 0x80, 0x2c, 0x40,
    0x23, 0xed, 0xc1, 0x0, 0xc2, 0x44, 0x0, 0xc7,
    0xff, 0x20, 0x7, 0xff, 0xfc, 0x3, 0xff, 0xb2,

    /* U+00ED "í" */
    0x0, 0xb7, 0xfd, 0xc4, 0x0, 0x72, 0x0, 0x69,
    0x1, 0x40, 0x2, 0xcc, 0x1, 0xc0, 0xa, 0x40,
    0xb, 0xb7, 0x4a, 0x1, 0x88, 0xa0, 0xc, 0x7f,
    0xf2, 0x0, 0x7f, 0xff, 0xc0, 0x3f, 0xfb, 0x80,

    /* U+00EE "î" */
    0x0, 0xe, 0xff, 0x10, 0x7, 0x69, 0x0, 0xf8,
    0x80, 0x56, 0x63, 0x84, 0x4d, 0x0, 0x43, 0x16,
    0x9f, 0x90, 0xc0, 0x46, 0xe8, 0xc0, 0xb7, 0x50,
    0x1, 0xff, 0xc1, 0x3f, 0xf9, 0x0, 0x3f, 0xff,
    0xe0, 0x1f, 0xff, 0x80,

    /* U+00EF "ï" */
    0x1c, 0xf9, 0x0, 0x9f, 0xf4, 0x98, 0xc1, 0x84,
    0x1, 0x0, 0x56, 0x80, 0x2, 0x10, 0x2, 0x0,
    0x30, 0xf6, 0xf4, 0x2, 0xbb, 0x6a, 0x81, 0x20,
    0x7, 0x21, 0x0, 0x63, 0xff, 0x90, 0x3, 0xff,
    0xfe, 0x1, 0xff, 0xff, 0x0, 0xf8,

    /* U+00F0 "ð" */
    0x0, 0xff, 0xe1, 0x2f, 0x40, 0x80, 0x7e, 0xe1,
    0x7e, 0x70, 0x4d, 0x10, 0x0, 0xa0, 0x5, 0x1b,
    0x64, 0x80, 0x1, 0xe7, 0x0, 0x88, 0x31, 0x40,
    0x21, 0x88, 0x0, 0x6b, 0x0, 0xe8, 0x80, 0x8,
    0x1, 0xcc, 0x3, 0x8b, 0x34, 0x2, 0x80, 0xd,
    0x18, 0x66, 0x50, 0x2, 0x8, 0x4, 0xd7, 0x93,
    0x80, 0x13, 0x80, 0x32, 0x54, 0xda, 0x40, 0x2c,
    0xa, 0x30, 0xf, 0xce, 0x4a, 0x0, 0x3d, 0xfa,
    0x0, 0x89, 0x40, 0x2e, 0x20, 0x57, 0x0, 0xb0,
    0x0, 0x44, 0x0, 0xf9, 0xc0, 0xc, 0x1, 0xf8,
    0x40, 0x3e, 0x10, 0x0, 0xb0, 0x1, 0x80, 0x32,
    0x80, 0x14, 0xc0, 0x4, 0x20, 0x1, 0x30, 0x6,
    0xd0, 0x5, 0x40, 0xb, 0x0, 0x9c, 0x98, 0x0,
    0x9f, 0xe5, 0x0, 0x40, 0x84, 0xa0, 0x7, 0x99,
    0xc0, 0x2b, 0x93, 0x0, 0x1d, 0x48, 0x0,

    /* U+00F1 "ñ" */
    0x0, 0xfc, 0x20, 0x1c, 0x9d, 0xf2, 0x43, 0xfe,
    0x30, 0x0, 0xd8, 0x83, 0x6f, 0x8, 0x8c, 0x0,
    0xe0, 0x52, 0xa0, 0x15, 0x80, 0x49, 0x5c, 0xd5,
    0xb5, 0xaa, 0x1, 0x12, 0x98, 0x0, 0x94, 0x80,
    0x3f, 0xf8, 0x71, 0xfe, 0xc1, 0x9e, 0xfd, 0x50,
    0xe, 0x2f, 0x61, 0x2, 0xa5, 0x0, 0xc2, 0x20,
    0xe, 0x90, 0xe, 0x7f, 0xf1, 0x80, 0xc, 0x40,
    0x34, 0x0, 0x24, 0x2, 0x20, 0xf, 0x84, 0x3,
    0xff, 0x86, 0xe0, 0x1f, 0xff, 0xf0, 0xf, 0xfe,
    0x48,

    /* U+00F2 "ò" */
    0x8, 0xff, 0x98, 0x3, 0xe8, 0x60, 0x4, 0x88,
    0x7, 0xd2, 0x80, 0xb, 0x0, 0xfd, 0x66, 0xa,
    0xa0, 0xf, 0xd9, 0xba, 0x40, 0xf, 0xe2, 0x20,
    0x80, 0x78, 0x63, 0x7f, 0xda, 0xe0, 0x18, 0xbd,
    0xc8, 0x0, 0x51, 0xa2, 0x0, 0xf1, 0x0, 0xf1,
    0x68, 0x29, 0x0, 0x1b, 0xfc, 0xa0, 0x3, 0x4f,
    0x0, 0xc, 0x80, 0x28, 0x2, 0xd7, 0x0, 0x20,
    0x6, 0x40, 0x2, 0x90, 0x0, 0xc0, 0x30, 0x80,
    0x8, 0x3, 0xf1, 0x80, 0x7f, 0xf0, 0xc8, 0x0,
    0x60, 0x18, 0x80, 0x4, 0xe0, 0x4, 0x0, 0xca,
    0x0, 0x5f, 0x0, 0xc, 0x80, 0x20, 0x40, 0x1a,
    0xa6, 0x0, 0x6f, 0xf3, 0x80, 0xd, 0x3, 0x88,
    0x3, 0xc5, 0xa0, 0x2, 0xd7, 0x20, 0x1, 0x3e,
    0x88, 0x0,

    /* U+00F3 "ó" */
    0x0, 0xf4, 0x7f, 0xcc, 0x1, 0xe2, 0x70, 0x4,
    0x30, 0x7, 0xb8, 0x0, 0xee, 0x0, 0xf3, 0x98,
    0x2c, 0x0, 0x7c, 0xdb, 0xaa, 0x0, 0xfc, 0x24,
    0x40, 0xf, 0x86, 0x37, 0xfd, 0xae, 0x1, 0x8b,
    0xdc, 0x80, 0x5, 0x1a, 0x20, 0xf, 0x10, 0xf,
    0x16, 0x82, 0x90, 0x1, 0xbf, 0xca, 0x0, 0x34,
    0xf0, 0x0, 0xc8, 0x2, 0x80, 0x2d, 0x70, 0x2,
    0x0, 0x64, 0x0, 0x29, 0x0, 0xc, 0x3, 0x8,
    0x0, 0x80, 0x3f, 0x18, 0x7, 0xff, 0xc, 0x80,
    0x6, 0x1, 0x88, 0x0, 0x4e, 0x0, 0x40, 0xc,
    0xa0, 0x5, 0xf0, 0x0, 0xc8, 0x2, 0x4, 0x1,
    0xaa, 0x60, 0x6, 0xff, 0x38, 0x0, 0xd0, 0x38,
    0x80, 0x3c, 0x5a, 0x0, 0x2d, 0x72, 0x0, 0x13,
    0xe8, 0x80,

    /* U+00F4 "ô" */
    0x0, 0xd1, 0xfe, 0x60, 0xf, 0x9d, 0xc0, 0x9,
    0x40, 0xe, 0x68, 0x9, 0x60, 0xb2, 0x0, 0x8e,
    0x5, 0xda, 0x50, 0x78, 0x40, 0x7, 0xdc, 0x80,
    0x5, 0xf6, 0x8, 0x7, 0xff, 0xc, 0x63, 0x7f,
    0xda, 0xe0, 0x18, 0xbd, 0xc8, 0x0, 0x51, 0xa2,
    0x0, 0xf1, 0x0, 0xf1, 0x68, 0x29, 0x0, 0x1b,
    0xfc, 0xa0, 0x3, 0x4f, 0x0, 0xc, 0x80, 0x28,
    0x2, 0xd7, 0x0, 0x20, 0x6, 0x40, 0x2, 0x90,
    0x0, 0xc0, 0x30, 0x80, 0x8, 0x3, 0xf1, 0x80,
    0x7f, 0xf0, 0xc8, 0x0, 0x60, 0x18, 0x80, 0x4,
    0xe0, 0x4, 0x0, 0xca, 0x0, 0x5f, 0x0, 0xc,
    0x80, 0x20, 0x40, 0x1a, 0xa6, 0x0, 0x6f, 0xf3,
    0x80, 0xd, 0x3, 0x88, 0x3, 0xc5, 0xa0, 0x2,
    0xd7, 0x20, 0x1, 0x3e, 0x88, 0x0,

    /* U+00F5 "õ" */
    0x0, 0xfc, 0x20, 0x1c, 0x9b, 0xf2, 0x43, 0xfe,
    0x30, 0x0, 0xd9, 0x3, 0x6f, 0x8, 0x18, 0x1,
    0xc0, 0xa5, 0x40, 0x29, 0x0, 0x92, 0xb9, 0xab,
    0x6b, 0x58, 0x2, 0x25, 0x30, 0x1, 0x29, 0x0,
    0x7f, 0xf1, 0x46, 0x37, 0xfd, 0xae, 0x1, 0x8b,
    0xdc, 0x80, 0x5, 0x1a, 0x20, 0xf, 0x10, 0xf,
    0x16, 0x82, 0x90, 0x1, 0xbf, 0xca, 0x0, 0x34,
    0xf0, 0x0, 0xc8, 0x2, 0x80, 0x2d, 0x70, 0x2,
    0x0, 0x64, 0x0, 0x29, 0x0, 0xc, 0x3, 0x8,
    0x0, 0x80, 0x3f, 0x18, 0x7, 0xff, 0xc, 0x80,
    0x6, 0x1, 0x88, 0x0, 0x4e, 0x0, 0x40, 0xc,
    0xa0, 0x5, 0xf0, 0x0, 0xc8, 0x2, 0x4, 0x1,
    0xaa, 0x60, 0x6, 0xff, 0x38, 0x0, 0xd0, 0x38,
    0x80, 0x3c, 0x5a, 0x0, 0x2d, 0x72, 0x0, 0x13,
    0xe8, 0x80,

    /* U+00F6 "ö" */
    0x9, 0xfc, 0x10, 0x1, 0xf7, 0xb0, 0xb, 0x1,
    0xb8, 0x2, 0x84, 0x20, 0x4, 0x80, 0xa, 0x0,
    0xc0, 0x2, 0x0, 0x36, 0xf8, 0xc0, 0xb, 0xb9,
    0x40, 0x12, 0x8, 0x6, 0x23, 0x0, 0xc3, 0x1b,
    0xfe, 0xd7, 0x0, 0xc5, 0xee, 0x40, 0x2, 0x8d,
    0x10, 0x7, 0x88, 0x7, 0x8b, 0x41, 0x48, 0x0,
    0xdf, 0xe5, 0x0, 0x1a, 0x78, 0x0, 0x64, 0x1,
    0x40, 0x16, 0xb8, 0x1, 0x0, 0x32, 0x0, 0x14,
    0x80, 0x6, 0x1, 0x84, 0x0, 0x40, 0x1f, 0x8c,
    0x3, 0xff, 0x86, 0x40, 0x3, 0x0, 0xc4, 0x0,
    0x27, 0x0, 0x20, 0x6, 0x50, 0x2, 0xf8, 0x0,
    0x64, 0x1, 0x2, 0x0, 0xd5, 0x30, 0x3, 0x7f,
    0x9c, 0x0, 0x68, 0x1c, 0x40, 0x1e, 0x2d, 0x0,
    0x16, 0xb9, 0x0, 0x9, 0xf4, 0x40,

    /* U+00F7 "÷" */
    0x0, 0xcf, 0xfc, 0x80, 0x1f, 0xa0, 0x6, 0x0,
    0x3f, 0xf9, 0x14, 0x66, 0xf0, 0xf, 0xcb, 0x98,
    0x30, 0xf, 0xfe, 0x27, 0xff, 0xfd, 0x80, 0x1f,
    0xfc, 0xcf, 0xff, 0xfb, 0x0, 0x3f, 0xf8, 0x8b,
    0xb8, 0x60, 0x1f, 0xa8, 0x8f, 0xc0, 0x3f, 0xf9,
    0x12, 0x3, 0x0, 0x18,

    /* U+00F8 "ø" */
    0x0, 0xfc, 0xbf, 0x20, 0x1f, 0xd2, 0x16, 0x1,
    0x9f, 0x7f, 0xda, 0x66, 0x20, 0x0, 0xe4, 0x10,
    0x0, 0x80, 0x3a, 0xcc, 0x3, 0xc7, 0x20, 0x6a,
    0x0, 0x5f, 0x90, 0x9, 0x8a, 0xc0, 0x2b, 0xb,
    0x0, 0xca, 0x80, 0x4, 0x13, 0x24, 0x30, 0x6,
    0x10, 0x0, 0x82, 0x43, 0xd8, 0x0, 0xc2, 0x1,
    0xa, 0x92, 0x0, 0x61, 0x0, 0x98, 0x28, 0x3,
    0x88, 0x0, 0x54, 0xc, 0xc, 0x0, 0x64, 0x0,
    0x21, 0x28, 0x88, 0xc0, 0x19, 0x60, 0x1b, 0x82,
    0xc0, 0x25, 0x35, 0x0, 0xaf, 0xd4, 0x0, 0xc4,
    0x16, 0x40, 0x1e, 0x39, 0x0, 0x9, 0x81, 0x0,
    0xe, 0x70, 0x2, 0x51, 0x6d, 0xff, 0x63, 0x0,
    0x73, 0xd8, 0x7, 0xe0,

    /* U+00F9 "ù" */
    0xa, 0xff, 0x90, 0x3, 0xea, 0x40, 0x5, 0x0,
    0x7e, 0xb3, 0x1, 0x90, 0xf, 0xda, 0x40, 0xc6,
    0x1, 0xf0, 0xee, 0xc4, 0x1, 0xfc, 0x44, 0x10,
    0xd, 0x3f, 0xf0, 0x4, 0x9f, 0xf2, 0x0, 0x7f,
    0xff, 0xc0, 0x3f, 0xf9, 0x22, 0x1, 0xff, 0xcb,
    0xe0, 0x9, 0xc0, 0xa0, 0x3, 0x38, 0x5, 0x1f,
    0xa6, 0x1, 0x85, 0x80, 0x38, 0x80, 0x3a, 0x60,
    0x40, 0x5b, 0xc0, 0x30,

    /* U+00FA "ú" */
    0x0, 0xf4, 0xff, 0xca, 0x1, 0xe3, 0x60, 0x4,
    0xa8, 0x7, 0xb8, 0x1, 0xc, 0x1, 0xe8, 0x20,
    0x67, 0x0, 0xfa, 0xb7, 0x52, 0x1, 0xf8, 0x8a,
    0x0, 0xe9, 0xff, 0x80, 0x24, 0xff, 0x90, 0x3,
    0xff, 0xfe, 0x1, 0xff, 0xc9, 0x10, 0xf, 0xfe,
    0x5f, 0x0, 0x4e, 0x5, 0x0, 0x19, 0xc0, 0x28,
    0xfd, 0x30, 0xc, 0x2c, 0x1, 0xc4, 0x1, 0xd3,
    0x2, 0x2, 0xde, 0x1, 0x80,

    /* U+00FB "û" */
    0x0, 0xd5, 0xfe, 0x50, 0xf, 0xa5, 0x40, 0x14,
    0x80, 0x1d, 0xc, 0x16, 0xc1, 0x66, 0x1, 0x22,
    0xe, 0x92, 0x58, 0xe4, 0x2, 0x4c, 0xc2, 0x80,
    0x27, 0x28, 0x3, 0xff, 0x85, 0x3f, 0xf0, 0x4,
    0x9f, 0xf2, 0x0, 0x7f, 0xff, 0xc0, 0x3f, 0xf9,
    0x22, 0x1, 0xff, 0xcb, 0xe0, 0x9, 0xc0, 0xa0,
    0x3, 0x38, 0x5, 0x1f, 0xa6, 0x1, 0x85, 0x80,
    0x38, 0x80, 0x3a, 0x60, 0x40, 0x5b, 0xc0, 0x30,

    /* U+00FC "ü" */
    0xa, 0xfc, 0x0, 0x93, 0xb8, 0xa0, 0x4a, 0x6,
    0xa0, 0xf, 0x11, 0x40, 0x10, 0x80, 0x1c, 0x1,
    0x80, 0x4, 0x0, 0x75, 0xf1, 0x0, 0x1f, 0x31,
    0x20, 0x12, 0x8, 0x6, 0x33, 0x0, 0x27, 0xfe,
    0x0, 0x93, 0xfe, 0x40, 0xf, 0xff, 0xf8, 0x7,
    0xff, 0x24, 0x40, 0x3f, 0xf9, 0x7c, 0x1, 0x38,
    0x14, 0x0, 0x67, 0x0, 0xa3, 0xf4, 0xc0, 0x30,
    0xb0, 0x7, 0x10, 0x7, 0x4c, 0x8, 0xb, 0x78,
    0x6,

    /* U+00FD "ý" */
    0x0, 0xf1, 0xff, 0xd4, 0x1, 0xf7, 0x0, 0x12,
    0x80, 0x3c, 0xe4, 0x5, 0x60, 0x1e, 0x28, 0x2,
    0xc0, 0xf, 0x8f, 0x75, 0x82, 0x1, 0xf0, 0x91,
    0x4, 0x3, 0x4f, 0xfc, 0x60, 0x16, 0xff, 0xb7,
    0x40, 0x12, 0x80, 0x4, 0x80, 0xa, 0x80, 0x16,
    0x0, 0x14, 0x2, 0xc0, 0x40, 0x3, 0x80, 0x30,
    0x2, 0x40, 0xd0, 0x1, 0x8, 0x20, 0x1, 0x0,
    0x8, 0x1, 0x28, 0x18, 0x3, 0x40, 0x4, 0x40,
    0x6, 0x18, 0x4, 0x80, 0x12, 0x0, 0x11, 0x0,
    0x2, 0x20, 0x5, 0xa0, 0x3, 0xc0, 0x2, 0x0,
    0x64, 0x0, 0x90, 0x1, 0xa0, 0x1c, 0x80, 0x1c,
    0x80, 0x1d, 0xa0, 0x19, 0x0, 0x3c, 0x80, 0x1b,
    0x40, 0x3c, 0x44, 0x0, 0x90, 0x3, 0xe4, 0x0,
    0x11, 0x0, 0x3f, 0xc8, 0x1, 0xf9, 0xc0, 0x1a,
    0x1, 0xe1, 0x81, 0x0, 0x20, 0x7, 0x3f, 0x38,
    0x1, 0x80, 0x3c, 0x20, 0x10, 0xc0, 0x7, 0x8c,
    0x0, 0x98, 0x20, 0x1c,

    /* U+00FE "þ" */
    0x7f, 0xf8, 0x40, 0x3f, 0xff, 0x65, 0x7f, 0xeb,
    0x30, 0xf, 0x62, 0x0, 0x13, 0x10, 0x3, 0xfe,
    0x90, 0xe, 0x5f, 0xf2, 0x80, 0x9, 0x40, 0x34,
    0x0, 0x2c, 0x2, 0xc0, 0xc, 0x60, 0x1, 0x30,
    0x2, 0x80, 0x7e, 0x60, 0x0, 0x80, 0x7f, 0xc6,
    0x1, 0xff, 0x18, 0x7, 0xe6, 0x0, 0x8, 0x7,
    0xc2, 0x60, 0x5, 0x0, 0xd0, 0x0, 0xb0, 0xb,
    0x40, 0x33, 0x7f, 0x94, 0x0, 0x48, 0x1, 0xfe,
    0xe0, 0xe, 0xc4, 0x0, 0x26, 0x18, 0x7, 0x15,
    0xff, 0xac, 0xc0, 0x3f, 0xfe, 0x40,

    /* U+00FF "ÿ" */
    0x5, 0xee, 0x20, 0x5, 0x7f, 0x40, 0x9, 0x11,
    0x78, 0x1, 0x10, 0xa, 0x60, 0x80, 0xc, 0x0,
    0x28, 0x80, 0x90, 0x46, 0x61, 0xc0, 0x3, 0xf7,
    0xe2, 0x0, 0x33, 0x0, 0x61, 0x41, 0x9, 0xff,
    0x8c, 0x2, 0xdf, 0xf6, 0xe8, 0x2, 0x50, 0x0,
    0x90, 0x1, 0x50, 0x2, 0xc0, 0x2, 0x80, 0x58,
    0x8, 0x0, 0x70, 0x6, 0x0, 0x48, 0x1a, 0x0,
    0x21, 0x4, 0x0, 0x20, 0x1, 0x0, 0x25, 0x3,
    0x0, 0x68, 0x0, 0x88, 0x0, 0xc3, 0x0, 0x90,
    0x2, 0x40, 0x2, 0x20, 0x0, 0x44, 0x0, 0xb4,
    0x0, 0x78, 0x0, 0x40, 0xc, 0x80, 0x12, 0x0,
    0x34, 0x3, 0x90, 0x3, 0x90, 0x3, 0xb4, 0x3,
    0x20, 0x7, 0x90, 0x3, 0x68, 0x7, 0x88, 0x80,
    0x12, 0x0, 0x7c, 0x80, 0x2, 0x20, 0x7, 0xf9,
    0x0, 0x3f, 0x38, 0x3, 0x40, 0x3c, 0x30, 0x20,
    0x4, 0x0, 0xe7, 0xe7, 0x0, 0x30, 0x7, 0x84,
    0x2, 0x18, 0x0, 0xf1, 0x80, 0x13, 0x4, 0x3,
    0x80,

    /* U+0104 "Ą" */
    0x0, 0xf4, 0x7f, 0xc2, 0x1, 0xff, 0xc0, 0x50,
    0x9, 0xc0, 0x3f, 0xe2, 0x20, 0x5, 0xa0, 0x1f,
    0xf2, 0x80, 0x64, 0x10, 0xf, 0xf5, 0x80, 0x72,
    0x0, 0x7f, 0x9, 0x80, 0x10, 0x1, 0xe0, 0x1f,
    0xce, 0x0, 0x1f, 0x0, 0x28, 0x7, 0xf6, 0x80,
    0x1d, 0x0, 0x24, 0x0, 0xfc, 0x80, 0xc, 0x4,
    0x0, 0x68, 0x7, 0xca, 0x1, 0x20, 0x60, 0x1,
    0xc0, 0x3e, 0xf0, 0x1, 0x88, 0x20, 0x0, 0x50,
    0x3, 0xca, 0x0, 0x40, 0x1, 0x88, 0x3, 0x40,
    0x39, 0x0, 0x2c, 0x0, 0x90, 0x0, 0xe0, 0x1d,
    0xa0, 0x15, 0xff, 0xca, 0x0, 0x13, 0x0, 0xce,
    0x1, 0xff, 0x58, 0x4, 0x62, 0x1, 0xff, 0x28,
    0x5, 0x60, 0x16, 0xff, 0xf3, 0x0, 0x8, 0x80,
    0x5, 0x0, 0x9, 0x0, 0x76, 0x80, 0x4a, 0x4,
    0x40, 0x2, 0x0, 0x79, 0x0, 0x2b, 0x5, 0x0,
    0xbc, 0x3, 0xe3, 0x0, 0x18, 0xbf, 0xfc, 0xa0,
    0x1e, 0x43, 0x5, 0xf1, 0x0, 0xff, 0xa4, 0xa,
    0x80, 0x3f, 0xf8, 0x4, 0x40, 0x50, 0xf, 0xfe,
    0x22, 0x30, 0x80, 0x7f, 0xc4, 0x20, 0x72, 0xa0,
    0x1f, 0xfc, 0xd, 0x30, 0x27, 0x0,

    /* U+0105 "ą" */
    0x0, 0x14, 0xf7, 0xfb, 0x18, 0x3, 0x26, 0xb0,
    0x80, 0xe, 0x68, 0x0, 0x36, 0x1, 0x10, 0x4,
    0xa8, 0xc, 0x1, 0x66, 0xf0, 0x5, 0xa0, 0x4c,
    0xc7, 0x30, 0x12, 0x0, 0x10, 0x2c, 0xca, 0x0,
    0x21, 0x0, 0xf2, 0x57, 0x7f, 0x8c, 0x3, 0xa6,
    0xd4, 0x40, 0x3e, 0x56, 0x0, 0x25, 0xe9, 0x0,
    0x6e, 0x0, 0x15, 0xa1, 0x8, 0x6, 0x60, 0x3,
    0x80, 0x7e, 0x10, 0x2, 0x0, 0xc, 0xc0, 0x19,
    0x0, 0x3, 0xfb, 0x80, 0x1d, 0x24, 0x1, 0x10,
    0x8, 0x1, 0x80, 0x71, 0x84, 0xa, 0xa4, 0x0,
    0x42, 0x3, 0x3d, 0xfa, 0xb6, 0x3, 0xa2, 0x1,
    0xe7, 0x30, 0xd2, 0x0, 0xfb, 0x0, 0x4c, 0x3,
    0xf3, 0x80, 0xb2, 0x0, 0x7c, 0x80, 0x9, 0xf0,
    0xf, 0xa1, 0x80, 0x4c, 0x0,

    /* U+0106 "Ć" */
    0x0, 0xf8, 0xff, 0xea, 0x0, 0xfe, 0xe0, 0x2,
    0x50, 0x7, 0xe8, 0x20, 0x3b, 0x0, 0xfc, 0x6e,
    0x5, 0xa0, 0x1f, 0xc5, 0xba, 0xc1, 0x0, 0xfe,
    0x12, 0x20, 0x80, 0x7f, 0x3e, 0x7f, 0xba, 0xd8,
    0x3, 0x8f, 0xa0, 0xc0, 0x2, 0x93, 0x82, 0x0,
    0x1d, 0x10, 0xf, 0x8e, 0x80, 0x16, 0x20, 0x7,
    0xdf, 0xc4, 0x0, 0x22, 0x5, 0x40, 0x9, 0x4,
    0x7, 0x40, 0x16, 0xa0, 0x5, 0xe0, 0x18, 0x4c,
    0x0, 0x9a, 0x1, 0x28, 0x7, 0x21, 0x10, 0x44,
    0x1, 0x8, 0x7, 0x46, 0xeb, 0xc, 0x3, 0xff,
    0xd6, 0x60, 0x1f, 0xfc, 0x11, 0x0, 0x84, 0x3,
    0x9e, 0xed, 0x5a, 0x1, 0x28, 0x7, 0x5a, 0x21,
    0xd0, 0x2, 0xe0, 0xc, 0x26, 0x0, 0x71, 0x50,
    0x2, 0xb8, 0x81, 0xd0, 0x5, 0xc1, 0x0, 0x14,
    0x77, 0xe2, 0x0, 0x11, 0x0, 0x58, 0x20, 0x1f,
    0x1d, 0x0, 0x47, 0xee, 0x60, 0x1, 0x4a, 0xc1,
    0x0,

    /* U+0107 "ć" */
    0x0, 0xe1, 0xff, 0xb0, 0x3, 0xeb, 0x0, 0x16,
    0x80, 0x79, 0x54, 0x3, 0xe2, 0x1, 0xc3, 0x60,
    0xc, 0x20, 0xf, 0xe, 0x6f, 0x10, 0x7, 0xe2,
    0x20, 0x80, 0x7c, 0x53, 0xdf, 0xec, 0x60, 0xc,
    0x9a, 0xc2, 0x0, 0x39, 0xa0, 0xa, 0x80, 0x3e,
    0x55, 0x3, 0x8, 0x2, 0xbf, 0x88, 0x1, 0x21,
    0xa0, 0x3, 0x50, 0x18, 0x0, 0x18, 0x30, 0x1,
    0x40, 0x27, 0x66, 0x80, 0x80, 0x2, 0x1, 0x14,
    0xcc, 0x1, 0xff, 0xcd, 0x20, 0x0, 0x80, 0x63,
    0x38, 0x18, 0x0, 0xa0, 0x12, 0xe6, 0x41, 0xa0,
    0x3, 0x50, 0x4, 0x80, 0x8, 0x18, 0x40, 0x15,
    0xfe, 0x30, 0x5, 0x80, 0x28, 0x3, 0xe6, 0x60,
    0x1, 0x35, 0x84, 0x0, 0x75, 0x20, 0x0,

    /* U+0118 "Ę" */
    0x4f, 0xff, 0xf8, 0x3, 0xff, 0xa1, 0x1f, 0xff,
    0x0, 0x61, 0x0, 0xff, 0xf7, 0xcf, 0xff, 0x68,
    0x7, 0xff, 0x2c, 0x40, 0x3a, 0x7f, 0xfb, 0x0,
    0x3f, 0xfd, 0x33, 0xff, 0xf0, 0x7, 0xff, 0x31,
    0x3f, 0xfb, 0x0, 0xb, 0xfe, 0x0, 0xf7, 0x1,
    0x50, 0x7, 0xc2, 0x40, 0x80, 0x1f, 0xf2, 0x31,
    0x0, 0x78, 0x48, 0xa, 0x5c, 0x3, 0xef, 0x30,
    0x21, 0x0,

    /* U+0119 "ę" */
    0x0, 0xc, 0x6f, 0xfb, 0x18, 0x3, 0x17, 0xb9,
    0x0, 0xe, 0x6c, 0x2, 0xe1, 0x0, 0xf2, 0x30,
    0x21, 0x80, 0x1f, 0xfc, 0x80, 0xb, 0xd, 0x0,
    0xc, 0x0, 0x20, 0x0, 0x44, 0x50, 0x2, 0x80,
    0x46, 0x1, 0x38, 0x80, 0x4, 0x3, 0xe3, 0x0,
    0x97, 0xff, 0x0, 0x42, 0x1, 0xff, 0xc0, 0x10,
    0x0, 0xbb, 0xfc, 0x6c, 0x0, 0x18, 0x8f, 0x93,
    0xc0, 0x2a, 0x10, 0x1, 0xd9, 0x82, 0x98, 0x1,
    0x7b, 0x9f, 0x89, 0xa2, 0x1c, 0x40, 0x10, 0x80,
    0x4e, 0x20, 0x5b, 0x6, 0x1, 0x15, 0xc8, 0x6,
    0x7c, 0x20, 0x1c, 0x40, 0xf, 0x19, 0x4, 0x88,
    0x7, 0xcc, 0x0, 0x30, 0xf, 0xfb, 0x98, 0x3,
    0xe4, 0x0, 0x2c, 0x88, 0x7, 0x86, 0xc8, 0xc,
    0x2,

    /* U+0141 "Ł" */
    0x0, 0x77, 0xfb, 0x0, 0x3f, 0xff, 0xe0, 0x1f,
    0xfc, 0x31, 0x8d, 0x10, 0xf, 0xe2, 0x72, 0x0,
    0xe2, 0xc1, 0x0, 0x96, 0xc4, 0x3, 0x39, 0x80,
    0x47, 0x48, 0x1, 0xcd, 0x22, 0x1, 0xfe, 0x36,
    0x0, 0xff, 0xfc, 0x1f, 0xff, 0xc0, 0x1f, 0xfc,
    0xe0,

    /* U+0142 "ł" */
    0x0, 0x7f, 0xd0, 0x1, 0xff, 0xf3, 0x4c, 0x10,
    0xe, 0x33, 0x1, 0x60, 0x4, 0x54, 0x2e, 0x60,
    0x12, 0xa8, 0x1a, 0x80, 0x3c, 0x6a, 0x1, 0xff,
    0xf2,

    /* U+0143 "Ń" */
    0x0, 0xfc, 0x24, 0x50, 0x80, 0x7f, 0xb3, 0x75,
    0xe0, 0x1f, 0xe8, 0x20, 0x1f, 0x10, 0xf, 0xc6,
    0xe0, 0xd, 0x20, 0xf, 0xee, 0x0, 0x59, 0x80,
    0x7f, 0xb7, 0xfc, 0x80, 0x1c, 0x9f, 0xf4, 0x0,
    0x7b, 0xfe, 0x70, 0xc, 0xe2, 0x1, 0xff, 0xc2,
    0x90, 0xf, 0xfe, 0x13, 0x88, 0x7, 0xff, 0xa,
    0x40, 0x3f, 0xf8, 0x4e, 0x20, 0x1f, 0xfc, 0x29,
    0x0, 0xff, 0x94, 0x0, 0xe2, 0x1, 0xfe, 0xe1,
    0x0, 0x48, 0x7, 0xf9, 0xe0, 0x0, 0xe2, 0x1,
    0xfe, 0x61, 0x0, 0x48, 0x7, 0xfd, 0x0, 0x7,
    0x20, 0xf, 0xf3, 0x8, 0x2, 0xc0, 0x3f, 0xe8,
    0x0, 0x30, 0x7, 0xfc, 0xc4, 0x1, 0xff, 0xc2,
    0xb0, 0xf, 0xfe, 0x13, 0x10, 0x7, 0xff, 0xa,
    0xc0, 0x3f, 0xf8, 0x4c, 0x40, 0x1f, 0xfc, 0x2b,
    0x0, 0xc0,

    /* U+0144 "ń" */
    0x0, 0xf4, 0x7f, 0xca, 0x1, 0xe3, 0x70, 0x4,
    0x28, 0x7, 0xb8, 0x0, 0xee, 0x0, 0xf3, 0x90,
    0x34, 0x0, 0x7c, 0xdb, 0xa9, 0x0, 0xfc, 0x24,
    0x40, 0xe, 0x8f, 0xf6, 0xc, 0xf7, 0xea, 0x80,
    0x71, 0x7b, 0x8, 0x15, 0x28, 0x6, 0x11, 0x0,
    0x74, 0x80, 0x73, 0xff, 0x8c, 0x0, 0x62, 0x1,
    0xa0, 0x1, 0x20, 0x11, 0x0, 0x7c, 0x20, 0x1f,
    0xfc, 0x37, 0x0, 0xff, 0xff, 0x80, 0x7f, 0xf2,
    0x40,

    /* U+0150 "Ő" */
    0x0, 0xf0, 0x8c, 0x2, 0x38, 0x3, 0xcf, 0xdc,
    0x80, 0xfe, 0xe1, 0x0, 0x7a, 0x40, 0x62, 0x2,
    0x12, 0x60, 0x1c, 0xc2, 0x16, 0x6e, 0x8, 0xc0,
    0x1e, 0x80, 0x45, 0xe0, 0x1a, 0x0, 0xfb, 0xbe,
    0xc3, 0x3f, 0x84, 0x3, 0xe6, 0xce, 0xfe, 0xb5,
    0x0, 0xf1, 0x6c, 0x98, 0x80, 0xa5, 0x60, 0x80,
    0x43, 0x84, 0x1, 0xf1, 0xe8, 0x5, 0x2, 0x0,
    0x4c, 0xeb, 0x30, 0x1, 0xb8, 0x1, 0x80, 0x7,
    0x66, 0x29, 0x82, 0x0, 0x90, 0x40, 0xa, 0x80,
    0x39, 0x80, 0x2, 0x46, 0x1, 0x20, 0x7, 0x60,
    0x4, 0xfc, 0x1, 0x18, 0x7, 0x38, 0x4, 0x40,
    0x18, 0x40, 0x38, 0x40, 0x31, 0x80, 0x7f, 0xf8,
    0xc, 0x3, 0xff, 0x84, 0x20, 0x11, 0x0, 0x73,
    0x0, 0x45, 0xa0, 0x13, 0x80, 0x71, 0x80, 0x4c,
    0x80, 0x14, 0x80, 0x75, 0x0, 0x4, 0xc5, 0x80,
    0x7, 0x66, 0x27, 0x64, 0x0, 0x60, 0x4, 0x8,
    0x1, 0x33, 0xb1, 0x0, 0x5, 0x0, 0x1, 0xc2,
    0x0, 0xf8, 0xb0, 0x3, 0x16, 0xc9, 0x88, 0xa,
    0x4e, 0x88, 0x0,

    /* U+0151 "ő" */
    0x0, 0xdd, 0xfe, 0x27, 0xff, 0x50, 0x6, 0x71,
    0x8, 0x38, 0x1, 0xb0, 0xd, 0x20, 0x4f, 0x60,
    0xd, 0x10, 0x9, 0x84, 0x38, 0xd4, 0x20, 0xc0,
    0x33, 0xf7, 0xc, 0xbb, 0x8e, 0x1, 0xc2, 0x30,
    0x8, 0xc0, 0x1e, 0x18, 0xdf, 0xf6, 0xb8, 0x7,
    0x17, 0xb9, 0x0, 0xa, 0x34, 0x40, 0x2f, 0x10,
    0xf, 0x16, 0x80, 0x14, 0x80, 0xd, 0xfe, 0x50,
    0x1, 0xa0, 0x78, 0x0, 0x64, 0x1, 0x40, 0x16,
    0x83, 0x80, 0x10, 0x3, 0x20, 0x1, 0x40, 0x80,
    0x6, 0x1, 0x84, 0x0, 0x40, 0x1f, 0xc6, 0x1,
    0xff, 0xc5, 0x20, 0x1, 0x80, 0x62, 0x0, 0x10,
    0x38, 0x1, 0x0, 0x32, 0x80, 0x14, 0x3c, 0x0,
    0x32, 0x0, 0x81, 0x0, 0x68, 0x29, 0x80, 0x1b,
    0xfc, 0xe0, 0x3, 0x40, 0x7, 0x10, 0x7, 0x8b,
    0x40, 0x22, 0xd7, 0x20, 0x1, 0x3e, 0x88, 0x0,

    /* U+015A "Ś" */
    0x0, 0xf8, 0x48, 0xa1, 0x0, 0xfd, 0xbb, 0x61,
    0x80, 0x7c, 0xe6, 0x3, 0x84, 0x1, 0xe2, 0x80,
    0x6, 0x90, 0x7, 0xdc, 0x0, 0xb3, 0x0, 0xfd,
    0x9f, 0xe4, 0x0, 0xf9, 0xaf, 0xbf, 0xb1, 0x40,
    0x30, 0xe4, 0xa0, 0x80, 0x9d, 0x58, 0x5, 0x46,
    0x1, 0xf2, 0x58, 0x22, 0x0, 0x7, 0xbf, 0xa6,
    0x0, 0x44, 0x60, 0x5, 0xe4, 0x5, 0xc0, 0x16,
    0x88, 0x4, 0x40, 0x11, 0x8, 0x0, 0xb8, 0x2,
    0x70, 0xd, 0xdf, 0xeb, 0x50, 0xa, 0x60, 0x40,
    0x3c, 0x50, 0x1, 0x3f, 0x49, 0x80, 0x73, 0xc8,
    0x6, 0x6c, 0xb2, 0x0, 0xcd, 0xcc, 0x1, 0x93,
    0x4c, 0x3, 0xc, 0xf4, 0x8, 0x5, 0xa2, 0x1,
    0xc2, 0xfc, 0xa0, 0x1, 0x94, 0x55, 0x18, 0x6,
    0xa1, 0x0, 0x25, 0x55, 0xe0, 0x1c, 0x40, 0x1,
    0x50, 0x1, 0x88, 0x6, 0x20, 0xb, 0x40, 0x2d,
    0x30, 0x18, 0x10, 0x2, 0x31, 0x80, 0xf, 0x3f,
    0x9c, 0x2, 0xb0, 0xd3, 0x0, 0xfd, 0x64, 0x3,
    0x94, 0x82, 0x0, 0x27, 0xe4, 0x0,

    /* U+015B "ś" */
    0x0, 0xfb, 0xbf, 0xda, 0x20, 0x1e, 0x91, 0x1,
    0xf1, 0x0, 0xe3, 0x60, 0x6, 0x90, 0x7, 0xb8,
    0x1, 0x66, 0x1, 0xf7, 0xef, 0x20, 0x7, 0xe2,
    0x20, 0x80, 0x7c, 0x97, 0xfe, 0xea, 0x30, 0xd,
    0x16, 0x80, 0x1, 0x5c, 0x60, 0x1, 0xb8, 0x0,
    0x50, 0x2, 0x92, 0xa, 0x0, 0xf, 0x5e, 0x0,
    0x4a, 0x6, 0x0, 0x30, 0x1, 0xbb, 0xc6, 0x1a,
    0x0, 0x2a, 0x20, 0x88, 0x90, 0x18, 0x40, 0xb,
    0xb6, 0x80, 0x18, 0x7d, 0x0, 0x24, 0xbc, 0x20,
    0x8, 0x6f, 0x14, 0x2, 0x3c, 0x10, 0xc, 0x75,
    0xa8, 0x0, 0x16, 0xb, 0xb9, 0x0, 0xac, 0x80,
    0x1a, 0xc, 0x88, 0xe0, 0x0, 0x98, 0x0, 0xc2,
    0x80, 0xb, 0xd9, 0xe2, 0x0, 0xa0, 0x75, 0x0,
    0x9, 0x88, 0x1, 0xcc, 0x1, 0x54, 0x30, 0x0,
    0xa5, 0xc0, 0x0,

    /* U+0170 "Ű" */
    0x0, 0xe1, 0x18, 0x0, 0x23, 0x0, 0x7b, 0xba,
    0x17, 0xee, 0x40, 0x7, 0x38, 0x2, 0x2, 0x0,
    0xa4, 0x3, 0xa4, 0xd, 0xe8, 0x1, 0xc0, 0x1c,
    0xc2, 0x1e, 0x88, 0x9, 0x30, 0xe, 0x6f, 0xf1,
    0xa7, 0xf9, 0x80, 0x27, 0xff, 0x8c, 0x3, 0x1f,
    0xfc, 0xe0, 0x1f, 0xff, 0xf0, 0xf, 0xff, 0xf8,
    0x7, 0xff, 0x4c, 0x44, 0x1, 0xf9, 0xc0, 0x31,
    0x0, 0x48, 0x1, 0x8c, 0x2, 0x24, 0x0, 0xa1,
    0x44, 0x4b, 0x0, 0x1, 0x40, 0x80, 0xa, 0xbb,
    0x94, 0x1, 0x48, 0x1, 0xd8, 0x3, 0xf3, 0xb8,
    0x2, 0x9b, 0x51, 0x0, 0x12, 0xe4, 0x0, 0x0,

    /* U+0171 "ű" */
    0x0, 0x87, 0xfe, 0x18, 0xff, 0x48, 0x5, 0x20,
    0x9, 0x37, 0x2, 0x90, 0x9, 0xc0, 0xda, 0x40,
    0x1e, 0x1, 0x38, 0x3, 0x95, 0x2, 0x48, 0x2,
    0x6e, 0xe1, 0x27, 0x71, 0x80, 0x30, 0x8c, 0x2,
    0x30, 0x5, 0x3f, 0xf0, 0x4, 0x9f, 0xf2, 0x0,
    0x7f, 0xff, 0xc0, 0x3f, 0xf9, 0x22, 0x1, 0xff,
    0xcb, 0xe0, 0x9, 0xc0, 0xa0, 0x3, 0x38, 0x5,
    0x1f, 0xa6, 0x1, 0x85, 0x80, 0x38, 0x80, 0x3a,
    0x60, 0x40, 0x5b, 0xc0, 0x30,

    /* U+0179 "Ź" */
    0x0, 0xf8, 0x48, 0xa0, 0xf, 0xc3, 0xfb, 0xae,
    0x0, 0xfd, 0x62, 0x5, 0xa0, 0x1f, 0x22, 0x80,
    0xe0, 0x80, 0x7d, 0x40, 0x38, 0x20, 0x1f, 0xbb,
    0xf8, 0x80, 0x37, 0xff, 0xff, 0x2, 0x80, 0x3f,
    0xf9, 0xbb, 0xff, 0xf8, 0xc0, 0x2, 0xe0, 0x1f,
    0x29, 0x80, 0x20, 0x3, 0xf5, 0x80, 0xd, 0x80,
    0x3e, 0x71, 0x0, 0x78, 0x7, 0xc3, 0x0, 0x5,
    0x30, 0xf, 0xac, 0x2, 0x80, 0xf, 0x8d, 0x40,
    0xe, 0x40, 0x1f, 0x78, 0x0, 0x60, 0x3, 0xe5,
    0x30, 0x4, 0x0, 0x7e, 0xb0, 0x1, 0x30, 0x7,
    0xce, 0x20, 0x9, 0x0, 0xf8, 0x60, 0x0, 0x88,
    0x0, 0xfa, 0x0, 0x29, 0x0, 0xf8, 0xd8, 0x0,
    0xc4, 0x1, 0xf4, 0x0, 0x4d, 0xff, 0xf6, 0xa8,
    0x7, 0xff, 0x34,

    /* U+017A "ź" */
    0x0, 0xe2, 0xff, 0xac, 0x3, 0xdc, 0x0, 0x3b,
    0x0, 0xe6, 0x30, 0x2d, 0x0, 0xe1, 0x90, 0x1f,
    0x10, 0xe, 0x1d, 0xd7, 0x90, 0x7, 0xc4, 0x41,
    0x0, 0xd7, 0xff, 0xfc, 0xa0, 0x1f, 0xfc, 0x97,
    0xbf, 0xfd, 0xa0, 0x13, 0x90, 0x7, 0x70, 0x0,
    0x60, 0x3, 0x98, 0xc0, 0x14, 0x1, 0xc3, 0x0,
    0x4, 0x40, 0x7, 0x58, 0x80, 0x28, 0x3, 0x8d,
    0x40, 0x10, 0x20, 0x1d, 0xc0, 0x2, 0x70, 0xe,
    0x72, 0x0, 0x70, 0x7, 0xc, 0x0, 0x18, 0xc0,
    0x3a, 0xc0, 0x27, 0xee, 0xe6, 0x70, 0x8, 0x47,
    0xe0, 0xf, 0xf8,

    /* U+017B "Ż" */
    0x0, 0xeb, 0xfb, 0x0, 0xfe, 0x54, 0x4, 0x50,
    0xf, 0xcc, 0x1, 0x30, 0x7, 0xe3, 0xb7, 0xb3,
    0x0, 0xfe, 0x48, 0x40, 0xe, 0xff, 0xff, 0xe0,
    0x50, 0x7, 0xff, 0x37, 0x7f, 0xff, 0x18, 0x0,
    0x5c, 0x3, 0xe5, 0x30, 0x4, 0x0, 0x7e, 0xb0,
    0x1, 0xb0, 0x7, 0xce, 0x20, 0xf, 0x0, 0xf8,
    0x60, 0x0, 0xa6, 0x1, 0xf5, 0x80, 0x50, 0x1,
    0xf1, 0xa8, 0x1, 0xc8, 0x3, 0xef, 0x0, 0xc,
    0x0, 0x7c, 0xa6, 0x0, 0x80, 0xf, 0xd6, 0x0,
    0x26, 0x0, 0xf9, 0xc4, 0x1, 0x20, 0x1f, 0xc,
    0x0, 0x11, 0x0, 0x1f, 0x40, 0x5, 0x20, 0x1f,
    0x1b, 0x0, 0x18, 0x80, 0x3e, 0x80, 0x9, 0xbf,
    0xfe, 0xd5, 0x0, 0xff, 0xe6, 0x80,

    /* U+017C "ż" */
    0x0, 0x8b, 0x7e, 0x40, 0x3e, 0xb2, 0x6, 0x10,
    0xf, 0x70, 0x0, 0x44, 0x1, 0xe7, 0x98, 0xc0,
    0xf, 0xcc, 0xe4, 0x1, 0xff, 0xc3, 0xbf, 0xff,
    0xe5, 0x0, 0xff, 0xe4, 0xbd, 0xff, 0xed, 0x0,
    0x9c, 0x80, 0x3b, 0x80, 0x3, 0x0, 0x1c, 0xc6,
    0x0, 0xa0, 0xe, 0x18, 0x0, 0x22, 0x0, 0x3a,
    0xc4, 0x1, 0x40, 0x1c, 0x6a, 0x0, 0x81, 0x0,
    0xee, 0x0, 0x13, 0x80, 0x73, 0x90, 0x3, 0x80,
    0x38, 0x60, 0x0, 0xc6, 0x1, 0xd6, 0x1, 0x3f,
    0x77, 0x33, 0x80, 0x42, 0x3f, 0x0, 0x7f, 0xc0,

    /* U+03A9 "Ω" */
    0x0, 0xcf, 0x9f, 0xed, 0x81, 0x0, 0xe1, 0xd8,
    0x30, 0x1, 0x3f, 0x98, 0x6, 0xc2, 0x0, 0xf0,
    0xe9, 0x0, 0x1c, 0x80, 0x7, 0xbc, 0xa0, 0x1,
    0x90, 0x4, 0x80, 0x5a, 0x43, 0x42, 0x0, 0x42,
    0x31, 0x0, 0x20, 0x80, 0x4c, 0x1, 0x2a, 0x0,
    0x46, 0x1, 0xb4, 0x2, 0xdf, 0x0, 0xbc, 0x3,
    0x30, 0x4, 0xc2, 0x1, 0x8, 0x7, 0xff, 0x2c,
    0x40, 0x21, 0x0, 0xfe, 0xf0, 0xf, 0xce, 0x1,
    0x32, 0x0, 0x5c, 0x1, 0x84, 0x2, 0xd3, 0x10,
    0x1, 0x0, 0x62, 0x0, 0x94, 0x24, 0x0, 0xa0,
    0x1b, 0x0, 0x8, 0x40, 0xe2, 0x2, 0xa0, 0x1,
    0x40, 0x4, 0x80, 0x6, 0x80, 0x16, 0x63, 0x40,
    0x7, 0x30, 0x5e, 0xb0, 0x0, 0xc3, 0xa0, 0x1,
    0xfa, 0x0, 0x3f, 0xf9, 0x4, 0x60, 0x1e,

    /* U+2013 "–" */
    0xef, 0xff, 0xf7, 0x0, 0x7f, 0xc2, 0x1, 0xff,
    0xc0,

    /* U+2014 "—" */
    0x3f, 0xff, 0xfe, 0x1c, 0x80, 0x7f, 0xf1, 0xc,
    0x3, 0xff, 0x8a,

    /* U+2018 "‘" */
    0x0, 0x5b, 0x80, 0x1d, 0x20, 0x82, 0x40, 0xc9,
    0x44, 0x2c, 0x34, 0x0, 0x40, 0x1f, 0xf0,

    /* U+2019 "’" */
    0x1, 0xff, 0x60, 0x7, 0xfc, 0x40, 0x5, 0x4,
    0x0, 0x50, 0x50, 0x21, 0x85, 0x95, 0x0, 0x1b,
    0x44, 0x0,

    /* U+201A "‚" */
    0x1, 0xff, 0x70, 0x7, 0xfc, 0x60, 0x5, 0x4,
    0x0, 0x70, 0x50, 0x12, 0x84, 0x97, 0x0, 0x17,
    0x4c, 0x0,

    /* U+201B "‛" */
    0xff, 0x70, 0x7, 0x8, 0x8, 0x28, 0x0, 0x78,
    0x0, 0x8a, 0x41, 0x21, 0xc5, 0x0, 0x7a, 0x80,

    /* U+201D "”" */
    0xe, 0xff, 0x5, 0xff, 0x8c, 0x3, 0xff, 0x8a,
    0x20, 0x20, 0x60, 0xc0, 0x2, 0x40, 0x5, 0x9,
    0x2, 0x87, 0x80, 0xb3, 0x0, 0x10, 0x1e, 0x5a,
    0xa, 0x70, 0x40, 0x9a, 0x60, 0x58, 0xe0, 0x0,

    /* U+201E "„" */
    0x1, 0xff, 0x70, 0x77, 0xf8, 0x40, 0x3f, 0xf8,
    0xe2, 0x1, 0x8c, 0x3, 0xc4, 0x0, 0x71, 0x10,
    0x18, 0x1, 0x0, 0x1c, 0xe0, 0xa, 0x0, 0x50,
    0x1a, 0x68, 0xb, 0x0, 0x3d, 0x38, 0x25, 0x34,
    0x0,

    /* U+2022 "•" */
    0x0, 0x1c, 0x40, 0xc0, 0x26, 0xc7, 0x76, 0x38,
    0x2, 0x40, 0x34, 0x0, 0x80, 0x78, 0x80, 0x3e,
    0x31, 0x40, 0xc, 0x62, 0x14, 0xa0, 0x5, 0xd0,

    /* U+2026 "…" */
    0x7, 0xed, 0x40, 0x1c, 0xea, 0x0, 0x47, 0x69,
    0x8c, 0x9, 0x48, 0x41, 0x8a, 0xa8, 0xdc, 0x4b,
    0xcc, 0x2, 0x30, 0xe, 0x30, 0xe, 0x27, 0x1,
    0xb0, 0xb2, 0x4, 0x63, 0x60, 0x1f,

    /* U+2039 "‹" */
    0x0, 0x9b, 0x68, 0x0, 0x32, 0x5e, 0x0, 0xa0,
    0x35, 0x5, 0x40, 0x80, 0x5, 0x81, 0xa0, 0x30,
    0x85, 0x0, 0x18, 0x82, 0x80, 0x29, 0x3, 0x40,
    0x2, 0x20, 0x20, 0x2, 0x90, 0x34, 0x0, 0x13,
    0x84, 0x0,

    /* U+203A "›" */
    0x8e, 0x90, 0xa, 0x85, 0x90, 0x0, 0x4a, 0x12,
    0x1, 0x40, 0x13, 0x80, 0x9, 0x82, 0x4, 0x1,
    0x40, 0x8, 0x0, 0x50, 0x2, 0xc0, 0x58, 0x18,
    0x82, 0x0, 0x64, 0x5, 0x82, 0xc0, 0x10, 0x8,
    0xa0, 0x0,

    /* U+20AC "€" */
    0x0, 0xe2, 0x9d, 0xff, 0x6c, 0x0, 0x65, 0xd6,
    0x20, 0x1, 0x10, 0x2, 0x4a, 0x0, 0xf1, 0x0,
    0x52, 0x1, 0x3f, 0x7e, 0xd0, 0x1, 0x8, 0x0,
    0xd0, 0x20, 0x44, 0x0, 0x60, 0x5, 0x40, 0x1f,
    0x10, 0x4, 0x60, 0x1d, 0x5e, 0xa0, 0x17, 0xfd,
    0x40, 0x1f, 0xfc, 0x2a, 0xf3, 0x0, 0xf, 0xfd,
    0x40, 0x1f, 0xfc, 0x2a, 0xf3, 0x0, 0xf, 0xfd,
    0x40, 0x3, 0x0, 0xfc, 0x60, 0x9, 0xf4, 0x0,
    0xbf, 0xe9, 0x0, 0xc4, 0x1, 0x10, 0x7, 0xd8,
    0x1, 0x50, 0x7, 0xca, 0x20, 0x7, 0x70, 0x81,
    0x10, 0x2, 0xb0, 0xa, 0x3b, 0xf6, 0x80, 0x25,
    0x80, 0xf, 0x10, 0x6, 0x7d, 0x61, 0x0, 0x9,
    0x0,

    /* U+2122 "™" */
    0x6f, 0xfc, 0x5f, 0xc0, 0x7, 0xf6, 0x58, 0x2,
    0x83, 0x1, 0x40, 0xb0, 0x13, 0x71, 0x67, 0x10,
    0x6, 0x1, 0x80, 0x7f, 0x22, 0x15, 0x0, 0x3f,
    0x8c, 0xbf, 0x0, 0x3f, 0xca, 0xa4, 0x0, 0xff,
    0x60, 0x90, 0x6, 0x8f, 0x0, 0x4d, 0xb5, 0xc,
    0xa8,

    /* U+220F "∏" */
    0xde, 0xef, 0xfe, 0x0, 0x98, 0x8f, 0xff, 0x0,
    0x3, 0xff, 0x8c, 0xdf, 0xfd, 0x0, 0x1f, 0xff,
    0xf0, 0xf, 0xff, 0xf8, 0x7, 0xff, 0xfc, 0x3,
    0xff, 0xc3, 0x75, 0x50, 0x7, 0x2d, 0x54, 0x20,

    /* U+2211 "∑" */
    0x3e, 0xff, 0x77, 0x7f, 0x58, 0x38, 0x80, 0x4,
    0x7f, 0x9c, 0x14, 0x40, 0x3f, 0xf8, 0x23, 0x60,
    0x13, 0x7f, 0xfd, 0x80, 0x5, 0x50, 0x1, 0x8c,
    0x3, 0xfd, 0x62, 0x0, 0xe0, 0xf, 0xf0, 0xd0,
    0x0, 0xa4, 0x3, 0xfc, 0x8c, 0x0, 0x63, 0x0,
    0xff, 0x48, 0x80, 0x38, 0x3, 0xfe, 0xa0, 0x1,
    0x48, 0x7, 0xf9, 0x18, 0x0, 0xc6, 0x1, 0xfe,
    0x92, 0x0, 0x70, 0x7, 0xf8, 0x4c, 0x0, 0x20,
    0x1f, 0xeb, 0x10, 0x7, 0x0, 0x7f, 0x2a, 0x80,
    0x10, 0x40, 0x1f, 0x86, 0xc0, 0x4, 0xe0, 0x1f,
    0xd6, 0x20, 0xe, 0x0, 0xfe, 0x55, 0x0, 0x1c,
    0xc0, 0x3f, 0xd, 0x80, 0xa, 0x0, 0x3f, 0xa8,
    0x40, 0x1c, 0x1, 0xfc, 0xa8, 0x0, 0x73, 0x0,
    0xfc, 0x36, 0x1, 0x3f, 0xff, 0xe4, 0x51, 0x0,
    0xff, 0xe0, 0xb8, 0x80, 0x8f, 0xfc, 0xe0,

    /* U+221A "√" */
    0x0, 0xff, 0xd, 0xda, 0x0, 0x3f, 0xc8, 0x90,
    0x7, 0xfd, 0x80, 0xc, 0x0, 0xff, 0x20, 0x1,
    0x0, 0x3f, 0x84, 0x80, 0xc0, 0x3f, 0xc8, 0x0,
    0x40, 0xf, 0xf6, 0x0, 0x30, 0x3, 0xfc, 0x80,
    0x4, 0x0, 0xfe, 0x12, 0x4, 0x0, 0x8c, 0xc8,
    0x82, 0x0, 0x28, 0x3, 0x0, 0x3, 0x98, 0xbb,
    0x78, 0x3, 0x0, 0x8, 0x1, 0xf1, 0x8, 0x20,
    0x0, 0xc0, 0x2, 0x88, 0x20, 0x2, 0x1, 0x82,
    0x0, 0x6b, 0xb4, 0x80, 0x31, 0x0, 0x18, 0x1,
    0xe4, 0x10, 0x7c, 0x0, 0x20, 0x7, 0xc8, 0x2,
    0xc0, 0x26, 0x1, 0xf7, 0x80, 0x4, 0x10, 0x3,
    0xf2, 0x80, 0x6c, 0x0, 0xfe, 0x40, 0x9, 0x0,
    0x3f, 0xb4, 0x0, 0x24, 0x1, 0xfc, 0xd9, 0x78,
    0x1, 0xc0,

    /* U+221E "∞" */
    0x0, 0xff, 0xe7, 0x36, 0xff, 0xb5, 0x80, 0x30,
    0xd7, 0xfd, 0x66, 0x1, 0xd3, 0x22, 0x0, 0x14,
    0xc8, 0x0, 0x5e, 0xa0, 0x12, 0x62, 0x80, 0x4c,
    0xc0, 0xf, 0x33, 0x3, 0xc4, 0x3, 0xd4, 0x40,
    0x8, 0x0, 0x16, 0xfc, 0x0, 0x26, 0x44, 0x5,
    0xbf, 0x60, 0x14, 0x82, 0x88, 0x3, 0x88, 0x1d,
    0x80, 0xc, 0x0, 0xf2, 0x4, 0x70, 0x2, 0xe,
    0x0, 0x4, 0xc0, 0x28, 0x0, 0xcc, 0x40, 0x15,
    0x0, 0x48, 0x40, 0x5, 0x0, 0xc2, 0x60, 0x15,
    0x0, 0x62, 0x0, 0xb5, 0xc0, 0x2, 0x1, 0xca,
    0x1, 0x18, 0x7, 0x8, 0x4, 0xe0, 0x1, 0x0,
    0xe5, 0x0, 0x8c, 0x3, 0x84, 0x2, 0x20, 0x2,
    0x80, 0x62, 0x30, 0xa, 0x80, 0x31, 0x0, 0x5d,
    0x80, 0x1, 0x30, 0xa, 0xc0, 0x33, 0x10, 0x4,
    0xa0, 0x12, 0x28, 0x5, 0xe2, 0xc, 0xc0, 0x16,
    0x0, 0x78, 0x81, 0xc0, 0x0, 0xc8, 0x20, 0x0,
    0x7d, 0xc9, 0x0, 0x44, 0x90, 0x17, 0x73, 0x0,
    0x2f, 0x0, 0x3a, 0x80, 0x42, 0x0, 0x66, 0x7,
    0x88, 0x0, 0x40, 0x29, 0x30, 0xa, 0xa0, 0x40,
    0x3, 0x12, 0x0, 0x2c, 0x40, 0x8, 0xed, 0x80,
    0x39, 0xfb, 0xb3, 0x80, 0x62, 0xbf, 0xdf, 0xc4,
    0x0, 0x80,

    /* U+2248 "≈" */
    0x8, 0xde, 0xa2, 0x0, 0xc2, 0x2b, 0x72, 0x15,
    0xd9, 0x20, 0x3c, 0x36, 0x0, 0x8, 0x1, 0xb7,
    0xf0, 0x80, 0x67, 0xfb, 0x8a, 0x1, 0x84, 0xf9,
    0x80, 0x3, 0x58, 0xa4, 0xb8, 0x24, 0x2, 0x40,
    0x3, 0xad, 0xa2, 0x1, 0xbe, 0xdd, 0x20, 0x6,
    0x22, 0x52, 0x0, 0xa, 0xec, 0x84, 0xd8, 0x2e,
    0x4, 0x60, 0x4, 0xbd, 0x91, 0x7, 0xcd, 0xcf,
    0x70, 0xc, 0x44, 0xa3, 0x0, 0xa3, 0x9d, 0x63,
    0x44,

    /* U+2260 "≠" */
    0x0, 0xfc, 0x20, 0x1f, 0xf6, 0x48, 0x7, 0xf2,
    0x97, 0x0, 0x46, 0x7e, 0x80, 0x33, 0x1, 0x66,
    0x78, 0x82, 0xf0, 0x40, 0x3f, 0xf8, 0x6, 0x7c,
    0x20, 0x26, 0x70, 0xe, 0x66, 0x50, 0xcc, 0xc2,
    0x1, 0x8d, 0x14, 0x80, 0x30, 0xe6, 0x5a, 0xf,
    0x99, 0x84, 0xcf, 0x8, 0x11, 0x9e, 0x0, 0xff,
    0xe0, 0x96, 0x50, 0x1e, 0x67, 0x84, 0xf, 0x2,
    0xc, 0xfc, 0x1, 0x11, 0xa0, 0x7, 0xf5, 0xe8,
    0x7, 0xe0,

    /* U+2264 "≤" */
    0x0, 0xff, 0xe3, 0x8c, 0x50, 0x7, 0x8e, 0xb9,
    0xc4, 0x3, 0x2e, 0x61, 0x40, 0x30, 0xbf, 0x51,
    0x80, 0xa, 0x28, 0x7a, 0x4, 0x0, 0xb9, 0xae,
    0x26, 0x1, 0x16, 0xd1, 0x80, 0x46, 0x20, 0x2,
    0xda, 0x40, 0x8, 0x7a, 0x48, 0x0, 0xb7, 0xd0,
    0x20, 0x6, 0xdb, 0x40, 0x0, 0xbd, 0x0, 0x64,
    0xbd, 0x60, 0xf, 0xe2, 0x9e, 0x82, 0x0, 0xfc,
    0x2f, 0x21, 0x99, 0xfd, 0x40, 0x67, 0xfc, 0xe0,
    0x1f, 0xf0,

    /* U+2265 "≥" */
    0x0, 0xff, 0x87, 0xa0, 0x40, 0x3f, 0xb, 0xf5,
    0x18, 0x7, 0xf2, 0xe6, 0x14, 0x2, 0x1f, 0x93,
    0x0, 0x1d, 0x74, 0x8, 0x1, 0xb3, 0x5c, 0x40,
    0x5f, 0x80, 0x31, 0x45, 0x8, 0x7, 0x86, 0x3a,
    0xc4, 0x0, 0x60, 0xb7, 0xce, 0x20, 0x5, 0xcc,
    0xd, 0x20, 0x0, 0x5f, 0xa8, 0xc0, 0x31, 0xd7,
    0x40, 0x80, 0x65, 0xcc, 0x28, 0x7, 0x86, 0x8c,
    0x3, 0xf0, 0xe6, 0x7f, 0x50, 0x19, 0xff, 0x38,
    0x7, 0xfc
};


/*---------------------
 *  GLYPH DESCRIPTION
 *--------------------*/

static const lv_font_fmt_txt_glyph_dsc_t glyph_dsc[] = {
    {.bitmap_index = 0, .adv_w = 0, .box_w = 0, .box_h = 0, .ofs_x = 0, .ofs_y = 0} /* id = 0 reserved */,
    {.bitmap_index = 0, .adv_w = 103, .box_w = 0, .box_h = 0, .ofs_x = 0, .ofs_y = 0},
    {.bitmap_index = 0, .adv_w = 115, .box_w = 5, .box_h = 20, .ofs_x = 1, .ofs_y = 0},
    {.bitmap_index = 35, .adv_w = 144, .box_w = 7, .box_h = 8, .ofs_x = 1, .ofs_y = 13},
    {.bitmap_index = 60, .adv_w = 238, .box_w = 14, .box_h = 20, .ofs_x = 1, .ofs_y = 0},
    {.bitmap_index = 177, .adv_w = 225, .box_w = 12, .box_h = 27, .ofs_x = 1, .ofs_y = -3},
    {.bitmap_index = 309, .adv_w = 285, .box_w = 16, .box_h = 20, .ofs_x = 1, .ofs_y = 0},
    {.bitmap_index = 450, .adv_w = 256, .box_w = 15, .box_h = 20, .ofs_x = 1, .ofs_y = 0},
    {.bitmap_index = 584, .adv_w = 74, .box_w = 3, .box_h = 8, .ofs_x = 1, .ofs_y = 13},
    {.bitmap_index = 596, .adv_w = 144, .box_w = 8, .box_h = 30, .ofs_x = 1, .ofs_y = -7},
    {.bitmap_index = 690, .adv_w = 145, .box_w = 8, .box_h = 30, .ofs_x = 0, .ofs_y = -7},
    {.bitmap_index = 790, .adv_w = 201, .box_w = 13, .box_h = 12, .ofs_x = 0, .ofs_y = 8},
    {.bitmap_index = 858, .adv_w = 215, .box_w = 13, .box_h = 15, .ofs_x = 0, .ofs_y = 2},
    {.bitmap_index = 894, .adv_w = 105, .box_w = 6, .box_h = 9, .ofs_x = 0, .ofs_y = -6},
    {.bitmap_index = 918, .adv_w = 150, .box_w = 7, .box_h = 3, .ofs_x = 1, .ofs_y = 7},
    {.bitmap_index = 924, .adv_w = 128, .box_w = 5, .box_h = 4, .ofs_x = 1, .ofs_y = 0},
    {.bitmap_index = 934, .adv_w = 153, .box_w = 9, .box_h = 22, .ofs_x = 0, .ofs_y = -2},
    {.bitmap_index = 1012, .adv_w = 225, .box_w = 12, .box_h = 20, .ofs_x = 1, .ofs_y = 0},
    {.bitmap_index = 1105, .adv_w = 225, .box_w = 8, .box_h = 20, .ofs_x = 2, .ofs_y = 0},
    {.bitmap_index = 1132, .adv_w = 225, .box_w = 12, .box_h = 20, .ofs_x = 1, .ofs_y = 0},
    {.bitmap_index = 1231, .adv_w = 225, .box_w = 12, .box_h = 20, .ofs_x = 1, .ofs_y = 0},
    {.bitmap_index = 1335, .adv_w = 225, .box_w = 14, .box_h = 20, .ofs_x = 0, .ofs_y = 0},
    {.bitmap_index = 1414, .adv_w = 225, .box_w = 12, .box_h = 20, .ofs_x = 1, .ofs_y = 0},
    {.bitmap_index = 1512, .adv_w = 225, .box_w = 12, .box_h = 20, .ofs_x = 1, .ofs_y = 0},
    {.bitmap_index = 1614, .adv_w = 225, .box_w = 13, .box_h = 20, .ofs_x = 0, .ofs_y = 0},
    {.bitmap_index = 1699, .adv_w = 225, .box_w = 12, .box_h = 20, .ofs_x = 1, .ofs_y = 0},
    {.bitmap_index = 1812, .adv_w = 225, .box_w = 12, .box_h = 20, .ofs_x = 1, .ofs_y = 0},
    {.bitmap_index = 1916, .adv_w = 118, .box_w = 5, .box_h = 15, .ofs_x = 1, .ofs_y = 0},
    {.bitmap_index = 1940, .adv_w = 109, .box_w = 6, .box_h = 20, .ofs_x = 0, .ofs_y = -5},
    {.bitmap_index = 1980, .adv_w = 200, .box_w = 11, .box_h = 13, .ofs_x = 0, .ofs_y = 2},
    {.bitmap_index = 2040, .adv_w = 223, .box_w = 12, .box_h = 9, .ofs_x = 1, .ofs_y = 5},
    {.bitmap_index = 2060, .adv_w = 204, .box_w = 11, .box_h = 13, .ofs_x = 1, .ofs_y = 2},
    {.bitmap_index = 2118, .adv_w = 198, .box_w = 12, .box_h = 20, .ofs_x = 0, .ofs_y = 0},
    {.bitmap_index = 2209, .adv_w = 343, .box_w = 20, .box_h = 26, .ofs_x = 1, .ofs_y = -6},
    {.bitmap_index = 2437, .adv_w = 265, .box_w = 17, .box_h = 20, .ofs_x = 0, .ofs_y = 0},
    {.bitmap_index = 2563, .adv_w = 250, .box_w = 14, .box_h = 20, .ofs_x = 1, .ofs_y = 0},
    {.bitmap_index = 2657, .adv_w = 255, .box_w = 14, .box_h = 20, .ofs_x = 1, .ofs_y = 0},
    {.bitmap_index = 2759, .adv_w = 254, .box_w = 14, .box_h = 20, .ofs_x = 1, .ofs_y = 0},
    {.bitmap_index = 2838, .adv_w = 221, .box_w = 12, .box_h = 20, .ofs_x = 1, .ofs_y = 0},
    {.bitmap_index = 2871, .adv_w = 214, .box_w = 12, .box_h = 20, .ofs_x = 1, .ofs_y = 0},
    {.bitmap_index = 2899, .adv_w = 263, .box_w = 15, .box_h = 20, .ofs_x = 1, .ofs_y = 0},
    {.bitmap_index = 3008, .adv_w = 276, .box_w = 15, .box_h = 20, .ofs_x = 1, .ofs_y = 0},
    {.bitmap_index = 3039, .adv_w = 119, .box_w = 5, .box_h = 20, .ofs_x = 1, .ofs_y = 0},
    {.bitmap_index = 3048, .adv_w = 219, .box_w = 13, .box_h = 20, .ofs_x = 0, .ofs_y = 0},
    {.bitmap_index = 3098, .adv_w = 247, .box_w = 15, .box_h = 20, .ofs_x = 1, .ofs_y = 0},
    {.bitmap_index = 3197, .adv_w = 214, .box_w = 12, .box_h = 20, .ofs_x = 1, .ofs_y = 0},
    {.bitmap_index = 3215, .adv_w = 339, .box_w = 19, .box_h = 20, .ofs_x = 1, .ofs_y = 0},
    {.bitmap_index = 3343, .adv_w = 275, .box_w = 15, .box_h = 20, .ofs_x = 1, .ofs_y = 0},
    {.bitmap_index = 3428, .adv_w = 270, .box_w = 15, .box_h = 20, .ofs_x = 1, .ofs_y = 0},
    {.bitmap_index = 3540, .adv_w = 253, .box_w = 14, .box_h = 20, .ofs_x = 1, .ofs_y = 0},
    {.bitmap_index = 3610, .adv_w = 270, .box_w = 15, .box_h = 24, .ofs_x = 1, .ofs_y = -4},
    {.bitmap_index = 3736, .adv_w = 246, .box_w = 14, .box_h = 20, .ofs_x = 1, .ofs_y = 0},
    {.bitmap_index = 3830, .adv_w = 240, .box_w = 13, .box_h = 20, .ofs_x = 1, .ofs_y = 0},
    {.bitmap_index = 3945, .adv_w = 241, .box_w = 15, .box_h = 20, .ofs_x = 0, .ofs_y = 0},
    {.bitmap_index = 3971, .adv_w = 255, .box_w = 14, .box_h = 20, .ofs_x = 1, .ofs_y = 0},
    {.bitmap_index = 4023, .adv_w = 257, .box_w = 16, .box_h = 20, .ofs_x = 0, .ofs_y = 0},
    {.bitmap_index = 4152, .adv_w = 337, .box_w = 21, .box_h = 20, .ofs_x = 0, .ofs_y = 0},
    {.bitmap_index = 4339, .adv_w = 250, .box_w = 16, .box_h = 20, .ofs_x = 0, .ofs_y = 0},
    {.bitmap_index = 4469, .adv_w = 241, .box_w = 15, .box_h = 20, .ofs_x = 0, .ofs_y = 0},
    {.bitmap_index = 4560, .adv_w = 237, .box_w = 13, .box_h = 20, .ofs_x = 1, .ofs_y = 0},
    {.bitmap_index = 4641, .adv_w = 117, .box_w = 6, .box_h = 28, .ofs_x = 1, .ofs_y = -5},
    {.bitmap_index = 4660, .adv_w = 117, .box_w = 6, .box_h = 28, .ofs_x = 0, .ofs_y = -5},
    {.bitmap_index = 4680, .adv_w = 173, .box_w = 11, .box_h = 10, .ofs_x = 0, .ofs_y = 10},
    {.bitmap_index = 4729, .adv_w = 180, .box_w = 11, .box_h = 3, .ofs_x = 0, .ofs_y = -3},
    {.bitmap_index = 4737, .adv_w = 146, .box_w = 8, .box_h = 5, .ofs_x = 0, .ofs_y = 17},
    {.bitmap_index = 4756, .adv_w = 212, .box_w = 12, .box_h = 15, .ofs_x = 1, .ofs_y = 0},
    {.bitmap_index = 4836, .adv_w = 222, .box_w = 12, .box_h = 21, .ofs_x = 1, .ofs_y = 0},
    {.bitmap_index = 4904, .adv_w = 206, .box_w = 12, .box_h = 15, .ofs_x = 1, .ofs_y = 0},
    {.bitmap_index = 4981, .adv_w = 222, .box_w = 12, .box_h = 21, .ofs_x = 1, .ofs_y = 0},
    {.bitmap_index = 5050, .adv_w = 214, .box_w = 12, .box_h = 15, .ofs_x = 1, .ofs_y = 0},
    {.bitmap_index = 5129, .adv_w = 146, .box_w = 9, .box_h = 21, .ofs_x = 0, .ofs_y = 0},
    {.bitmap_index = 5172, .adv_w = 224, .box_w = 12, .box_h = 21, .ofs_x = 1, .ofs_y = -6},
    {.bitmap_index = 5270, .adv_w = 220, .box_w = 12, .box_h = 21, .ofs_x = 1, .ofs_y = 0},
    {.bitmap_index = 5311, .adv_w = 110, .box_w = 5, .box_h = 21, .ofs_x = 1, .ofs_y = 0},
    {.bitmap_index = 5330, .adv_w = 108, .box_w = 7, .box_h = 27, .ofs_x = -1, .ofs_y = -6},
    {.bitmap_index = 5371, .adv_w = 211, .box_w = 13, .box_h = 21, .ofs_x = 1, .ofs_y = 0},
    {.bitmap_index = 5444, .adv_w = 110, .box_w = 5, .box_h = 21, .ofs_x = 1, .ofs_y = 0},
    {.bitmap_index = 5453, .adv_w = 334, .box_w = 19, .box_h = 15, .ofs_x = 1, .ofs_y = 0},
    {.bitmap_index = 5512, .adv_w = 220, .box_w = 12, .box_h = 15, .ofs_x = 1, .ofs_y = 0},
    {.bitmap_index = 5551, .adv_w = 223, .box_w = 12, .box_h = 15, .ofs_x = 1, .ofs_y = 0},
    {.bitmap_index = 5632, .adv_w = 222, .box_w = 12, .box_h = 21, .ofs_x = 1, .ofs_y = -6},
    {.bitmap_index = 5704, .adv_w = 223, .box_w = 12, .box_h = 21, .ofs_x = 1, .ofs_y = -6},
    {.bitmap_index = 5776, .adv_w = 145, .box_w = 8, .box_h = 15, .ofs_x = 1, .ofs_y = 0},
    {.bitmap_index = 5798, .adv_w = 204, .box_w = 12, .box_h = 15, .ofs_x = 0, .ofs_y = 0},
    {.bitmap_index = 5887, .adv_w = 136, .box_w = 8, .box_h = 19, .ofs_x = 0, .ofs_y = 0},
    {.bitmap_index = 5928, .adv_w = 219, .box_w = 12, .box_h = 15, .ofs_x = 1, .ofs_y = 0},
    {.bitmap_index = 5963, .adv_w = 199, .box_w = 12, .box_h = 15, .ofs_x = 0, .ofs_y = 0},
    {.bitmap_index = 6045, .adv_w = 285, .box_w = 18, .box_h = 15, .ofs_x = 0, .ofs_y = 0},
    {.bitmap_index = 6173, .adv_w = 201, .box_w = 13, .box_h = 15, .ofs_x = 0, .ofs_y = 0},
    {.bitmap_index = 6258, .adv_w = 197, .box_w = 12, .box_h = 21, .ofs_x = 0, .ofs_y = -6},
    {.bitmap_index = 6364, .adv_w = 201, .box_w = 11, .box_h = 15, .ofs_x = 1, .ofs_y = 0},
    {.bitmap_index = 6422, .adv_w = 135, .box_w = 8, .box_h = 27, .ofs_x = 0, .ofs_y = -5},
    {.bitmap_index = 6505, .adv_w = 112, .box_w = 3, .box_h = 24, .ofs_x = 2, .ofs_y = -4},
    {.bitmap_index = 6512, .adv_w = 135, .box_w = 8, .box_h = 27, .ofs_x = 0, .ofs_y = -5},
    {.bitmap_index = 6595, .adv_w = 253, .box_w = 14, .box_h = 6, .ofs_x = 1, .ofs_y = 5},
    {.bitmap_index = 6636, .adv_w = 246, .box_w = 13, .box_h = 26, .ofs_x = 1, .ofs_y = -6},
    {.bitmap_index = 6789, .adv_w = 352, .box_w = 20, .box_h = 21, .ofs_x = 1, .ofs_y = 0},
    {.bitmap_index = 6979, .adv_w = 198, .box_w = 11, .box_h = 11, .ofs_x = 1, .ofs_y = 2},
    {.bitmap_index = 7039, .adv_w = 352, .box_w = 20, .box_h = 21, .ofs_x = 1, .ofs_y = 0},
    {.bitmap_index = 7219, .adv_w = 173, .box_w = 9, .box_h = 7, .ofs_x = 1, .ofs_y = 13},
    {.bitmap_index = 7251, .adv_w = 211, .box_w = 11, .box_h = 18, .ofs_x = 1, .ofs_y = 0},
    {.bitmap_index = 7296, .adv_w = 240, .box_w = 12, .box_h = 21, .ofs_x = 1, .ofs_y = -6},
    {.bitmap_index = 7336, .adv_w = 195, .box_w = 10, .box_h = 20, .ofs_x = 1, .ofs_y = 0},
    {.bitmap_index = 7380, .adv_w = 198, .box_w = 11, .box_h = 11, .ofs_x = 1, .ofs_y = 2},
    {.bitmap_index = 7441, .adv_w = 265, .box_w = 17, .box_h = 26, .ofs_x = 0, .ofs_y = 0},
    {.bitmap_index = 7600, .adv_w = 265, .box_w = 17, .box_h = 26, .ofs_x = 0, .ofs_y = 0},
    {.bitmap_index = 7757, .adv_w = 265, .box_w = 17, .box_h = 25, .ofs_x = 0, .ofs_y = 0},
    {.bitmap_index = 7912, .adv_w = 265, .box_w = 17, .box_h = 26, .ofs_x = 0, .ofs_y = 0},
    {.bitmap_index = 8072, .adv_w = 265, .box_w = 17, .box_h = 25, .ofs_x = 0, .ofs_y = 0},
    {.bitmap_index = 8231, .adv_w = 265, .box_w = 17, .box_h = 27, .ofs_x = 0, .ofs_y = 0},
    {.bitmap_index = 8391, .adv_w = 366, .box_w = 22, .box_h = 20, .ofs_x = 0, .ofs_y = 0},
    {.bitmap_index = 8522, .adv_w = 255, .box_w = 14, .box_h = 26, .ofs_x = 1, .ofs_y = -6},
    {.bitmap_index = 8650, .adv_w = 221, .box_w = 12, .box_h = 26, .ofs_x = 1, .ofs_y = 0},
    {.bitmap_index = 8709, .adv_w = 221, .box_w = 12, .box_h = 26, .ofs_x = 1, .ofs_y = 0},
    {.bitmap_index = 8769, .adv_w = 221, .box_w = 12, .box_h = 25, .ofs_x = 1, .ofs_y = 0},
    {.bitmap_index = 8829, .adv_w = 221, .box_w = 12, .box_h = 25, .ofs_x = 1, .ofs_y = 0},
    {.bitmap_index = 8891, .adv_w = 119, .box_w = 8, .box_h = 26, .ofs_x = -2, .ofs_y = 0},
    {.bitmap_index = 8923, .adv_w = 119, .box_w = 8, .box_h = 26, .ofs_x = 1, .ofs_y = 0},
    {.bitmap_index = 8957, .adv_w = 119, .box_w = 10, .box_h = 25, .ofs_x = -1, .ofs_y = 0},
    {.bitmap_index = 8994, .adv_w = 119, .box_w = 11, .box_h = 25, .ofs_x = -2, .ofs_y = 0},
    {.bitmap_index = 9035, .adv_w = 260, .box_w = 15, .box_h = 20, .ofs_x = 0, .ofs_y = 0},
    {.bitmap_index = 9135, .adv_w = 275, .box_w = 15, .box_h = 26, .ofs_x = 1, .ofs_y = 0},
    {.bitmap_index = 9254, .adv_w = 270, .box_w = 15, .box_h = 26, .ofs_x = 1, .ofs_y = 0},
    {.bitmap_index = 9394, .adv_w = 270, .box_w = 15, .box_h = 26, .ofs_x = 1, .ofs_y = 0},
    {.bitmap_index = 9534, .adv_w = 270, .box_w = 15, .box_h = 26, .ofs_x = 1, .ofs_y = 0},
    {.bitmap_index = 9678, .adv_w = 270, .box_w = 15, .box_h = 26, .ofs_x = 1, .ofs_y = 0},
    {.bitmap_index = 9823, .adv_w = 270, .box_w = 15, .box_h = 25, .ofs_x = 1, .ofs_y = 0},
    {.bitmap_index = 9968, .adv_w = 210, .box_w = 13, .box_h = 14, .ofs_x = 0, .ofs_y = 2},
    {.bitmap_index = 10051, .adv_w = 270, .box_w = 15, .box_h = 22, .ofs_x = 1, .ofs_y = -1},
    {.bitmap_index = 10194, .adv_w = 255, .box_w = 14, .box_h = 26, .ofs_x = 1, .ofs_y = 0},
    {.bitmap_index = 10273, .adv_w = 255, .box_w = 14, .box_h = 26, .ofs_x = 1, .ofs_y = 0},
    {.bitmap_index = 10353, .adv_w = 255, .box_w = 14, .box_h = 26, .ofs_x = 1, .ofs_y = 0},
    {.bitmap_index = 10438, .adv_w = 255, .box_w = 14, .box_h = 25, .ofs_x = 1, .ofs_y = 0},
    {.bitmap_index = 10523, .adv_w = 241, .box_w = 15, .box_h = 26, .ofs_x = 0, .ofs_y = 0},
    {.bitmap_index = 10643, .adv_w = 237, .box_w = 13, .box_h = 20, .ofs_x = 1, .ofs_y = 0},
    {.bitmap_index = 10706, .adv_w = 246, .box_w = 14, .box_h = 22, .ofs_x = 1, .ofs_y = 0},
    {.bitmap_index = 10818, .adv_w = 212, .box_w = 12, .box_h = 21, .ofs_x = 1, .ofs_y = 0},
    {.bitmap_index = 10923, .adv_w = 212, .box_w = 12, .box_h = 21, .ofs_x = 1, .ofs_y = 0},
    {.bitmap_index = 11028, .adv_w = 212, .box_w = 12, .box_h = 21, .ofs_x = 1, .ofs_y = 0},
    {.bitmap_index = 11135, .adv_w = 212, .box_w = 12, .box_h = 22, .ofs_x = 1, .ofs_y = 0},
    {.bitmap_index = 11248, .adv_w = 212, .box_w = 12, .box_h = 20, .ofs_x = 1, .ofs_y = 0},
    {.bitmap_index = 11357, .adv_w = 212, .box_w = 12, .box_h = 23, .ofs_x = 1, .ofs_y = 0},
    {.bitmap_index = 11471, .adv_w = 326, .box_w = 19, .box_h = 15, .ofs_x = 1, .ofs_y = 0},
    {.bitmap_index = 11599, .adv_w = 206, .box_w = 12, .box_h = 21, .ofs_x = 1, .ofs_y = -6},
    {.bitmap_index = 11703, .adv_w = 214, .box_w = 12, .box_h = 21, .ofs_x = 1, .ofs_y = 0},
    {.bitmap_index = 11808, .adv_w = 214, .box_w = 12, .box_h = 21, .ofs_x = 1, .ofs_y = 0},
    {.bitmap_index = 11913, .adv_w = 214, .box_w = 12, .box_h = 21, .ofs_x = 1, .ofs_y = 0},
    {.bitmap_index = 12019, .adv_w = 214, .box_w = 12, .box_h = 20, .ofs_x = 1, .ofs_y = 0},
    {.bitmap_index = 12127, .adv_w = 115, .box_w = 8, .box_h = 21, .ofs_x = -2, .ofs_y = 0},
    {.bitmap_index = 12159, .adv_w = 115, .box_w = 8, .box_h = 21, .ofs_x = 1, .ofs_y = 0},
    {.bitmap_index = 12191, .adv_w = 115, .box_w = 10, .box_h = 21, .ofs_x = -1, .ofs_y = 0},
    {.bitmap_index = 12227, .adv_w = 115, .box_w = 11, .box_h = 20, .ofs_x = -2, .ofs_y = 0},
    {.bitmap_index = 12265, .adv_w = 226, .box_w = 12, .box_h = 23, .ofs_x = 1, .ofs_y = 0},
    {.bitmap_index = 12384, .adv_w = 220, .box_w = 12, .box_h = 22, .ofs_x = 1, .ofs_y = 0},
    {.bitmap_index = 12457, .adv_w = 223, .box_w = 12, .box_h = 21, .ofs_x = 1, .ofs_y = 0},
    {.bitmap_index = 12563, .adv_w = 223, .box_w = 12, .box_h = 21, .ofs_x = 1, .ofs_y = 0},
    {.bitmap_index = 12669, .adv_w = 223, .box_w = 12, .box_h = 21, .ofs_x = 1, .ofs_y = 0},
    {.bitmap_index = 12779, .adv_w = 223, .box_w = 12, .box_h = 22, .ofs_x = 1, .ofs_y = 0},
    {.bitmap_index = 12893, .adv_w = 223, .box_w = 12, .box_h = 20, .ofs_x = 1, .ofs_y = 0},
    {.bitmap_index = 13003, .adv_w = 224, .box_w = 12, .box_h = 15, .ofs_x = 1, .ofs_y = 2},
    {.bitmap_index = 13047, .adv_w = 223, .box_w = 12, .box_h = 19, .ofs_x = 1, .ofs_y = -2},
    {.bitmap_index = 13147, .adv_w = 220, .box_w = 12, .box_h = 21, .ofs_x = 1, .ofs_y = 0},
    {.bitmap_index = 13207, .adv_w = 220, .box_w = 12, .box_h = 21, .ofs_x = 1, .ofs_y = 0},
    {.bitmap_index = 13268, .adv_w = 220, .box_w = 12, .box_h = 21, .ofs_x = 1, .ofs_y = 0},
    {.bitmap_index = 13332, .adv_w = 220, .box_w = 12, .box_h = 20, .ofs_x = 1, .ofs_y = 0},
    {.bitmap_index = 13397, .adv_w = 197, .box_w = 12, .box_h = 27, .ofs_x = 0, .ofs_y = -6},
    {.bitmap_index = 13529, .adv_w = 225, .box_w = 12, .box_h = 27, .ofs_x = 1, .ofs_y = -6},
    {.bitmap_index = 13607, .adv_w = 197, .box_w = 12, .box_h = 26, .ofs_x = 0, .ofs_y = -6},
    {.bitmap_index = 13744, .adv_w = 265, .box_w = 17, .box_h = 26, .ofs_x = 0, .ofs_y = -6},
    {.bitmap_index = 13902, .adv_w = 212, .box_w = 12, .box_h = 21, .ofs_x = 1, .ofs_y = -6},
    {.bitmap_index = 14011, .adv_w = 255, .box_w = 14, .box_h = 26, .ofs_x = 1, .ofs_y = 0},
    {.bitmap_index = 14140, .adv_w = 206, .box_w = 12, .box_h = 21, .ofs_x = 1, .ofs_y = 0},
    {.bitmap_index = 14243, .adv_w = 221, .box_w = 12, .box_h = 26, .ofs_x = 1, .ofs_y = -6},
    {.bitmap_index = 14301, .adv_w = 214, .box_w = 12, .box_h = 21, .ofs_x = 1, .ofs_y = -6},
    {.bitmap_index = 14406, .adv_w = 220, .box_w = 13, .box_h = 20, .ofs_x = 0, .ofs_y = 0},
    {.bitmap_index = 14447, .adv_w = 124, .box_w = 8, .box_h = 21, .ofs_x = 0, .ofs_y = 0},
    {.bitmap_index = 14472, .adv_w = 275, .box_w = 15, .box_h = 26, .ofs_x = 1, .ofs_y = 0},
    {.bitmap_index = 14586, .adv_w = 220, .box_w = 12, .box_h = 21, .ofs_x = 1, .ofs_y = 0},
    {.bitmap_index = 14651, .adv_w = 270, .box_w = 15, .box_h = 26, .ofs_x = 1, .ofs_y = 0},
    {.bitmap_index = 14798, .adv_w = 223, .box_w = 13, .box_h = 21, .ofs_x = 1, .ofs_y = 0},
    {.bitmap_index = 14918, .adv_w = 240, .box_w = 13, .box_h = 26, .ofs_x = 1, .ofs_y = 0},
    {.bitmap_index = 15060, .adv_w = 203, .box_w = 12, .box_h = 21, .ofs_x = 0, .ofs_y = 0},
    {.bitmap_index = 15175, .adv_w = 255, .box_w = 14, .box_h = 26, .ofs_x = 1, .ofs_y = 0},
    {.bitmap_index = 15263, .adv_w = 220, .box_w = 12, .box_h = 21, .ofs_x = 1, .ofs_y = 0},
    {.bitmap_index = 15332, .adv_w = 237, .box_w = 13, .box_h = 26, .ofs_x = 1, .ofs_y = 0},
    {.bitmap_index = 15439, .adv_w = 201, .box_w = 11, .box_h = 21, .ofs_x = 1, .ofs_y = 0},
    {.bitmap_index = 15522, .adv_w = 237, .box_w = 13, .box_h = 25, .ofs_x = 1, .ofs_y = 0},
    {.bitmap_index = 15624, .adv_w = 201, .box_w = 11, .box_h = 21, .ofs_x = 1, .ofs_y = 0},
    {.bitmap_index = 15704, .adv_w = 263, .box_w = 14, .box_h = 20, .ofs_x = 1, .ofs_y = 0},
    {.bitmap_index = 15815, .adv_w = 248, .box_w = 12, .box_h = 3, .ofs_x = 2, .ofs_y = 8},
    {.bitmap_index = 15824, .adv_w = 298, .box_w = 17, .box_h = 3, .ofs_x = 1, .ofs_y = 8},
    {.bitmap_index = 15835, .adv_w = 99, .box_w = 5, .box_h = 7, .ofs_x = 1, .ofs_y = 14},
    {.bitmap_index = 15850, .adv_w = 98, .box_w = 5, .box_h = 8, .ofs_x = 0, .ofs_y = 13},
    {.bitmap_index = 15868, .adv_w = 104, .box_w = 5, .box_h = 8, .ofs_x = 0, .ofs_y = -5},
    {.bitmap_index = 15886, .adv_w = 90, .box_w = 4, .box_h = 8, .ofs_x = 1, .ofs_y = 13},
    {.bitmap_index = 15902, .adv_w = 169, .box_w = 9, .box_h = 8, .ofs_x = 1, .ofs_y = 13},
    {.bitmap_index = 15934, .adv_w = 166, .box_w = 10, .box_h = 8, .ofs_x = 0, .ofs_y = -4},
    {.bitmap_index = 15967, .adv_w = 159, .box_w = 8, .box_h = 7, .ofs_x = 1, .ofs_y = 7},
    {.bitmap_index = 15991, .adv_w = 289, .box_w = 16, .box_h = 4, .ofs_x = 1, .ofs_y = 0},
    {.bitmap_index = 16021, .adv_w = 126, .box_w = 6, .box_h = 11, .ofs_x = 1, .ofs_y = 2},
    {.bitmap_index = 16055, .adv_w = 123, .box_w = 6, .box_h = 11, .ofs_x = 1, .ofs_y = 2},
    {.bitmap_index = 16089, .adv_w = 225, .box_w = 12, .box_h = 20, .ofs_x = 1, .ofs_y = 0},
    {.bitmap_index = 16186, .adv_w = 247, .box_w = 13, .box_h = 8, .ofs_x = 1, .ofs_y = 12},
    {.bitmap_index = 16227, .adv_w = 275, .box_w = 14, .box_h = 24, .ofs_x = 2, .ofs_y = -4},
    {.bitmap_index = 16259, .adv_w = 245, .box_w = 15, .box_h = 24, .ofs_x = 0, .ofs_y = -4},
    {.bitmap_index = 16378, .adv_w = 229, .box_w = 14, .box_h = 21, .ofs_x = 0, .ofs_y = -1},
    {.bitmap_index = 16484, .adv_w = 398, .box_w = 23, .box_h = 17, .ofs_x = 1, .ofs_y = -1},
    {.bitmap_index = 16654, .adv_w = 225, .box_w = 12, .box_h = 11, .ofs_x = 1, .ofs_y = 3},
    {.bitmap_index = 16719, .adv_w = 223, .box_w = 12, .box_h = 16, .ofs_x = 1, .ofs_y = 1},
    {.bitmap_index = 16785, .adv_w = 200, .box_w = 11, .box_h = 16, .ofs_x = 0, .ofs_y = 0},
    {.bitmap_index = 16851, .adv_w = 204, .box_w = 11, .box_h = 16, .ofs_x = 1, .ofs_y = 0}
};

/*---------------------
 *  CHARACTER MAPPING
 *--------------------*/

static const uint16_t unicode_list_2[] = {
    0x0, 0x2, 0x4, 0x7, 0x9, 0xa, 0xe, 0xf,
    0x14
};

static const uint16_t unicode_list_4[] = {
    0x0, 0x1, 0x2, 0x3, 0x14, 0x15, 0x3d, 0x3e,
    0x3f, 0x40, 0x4c, 0x4d, 0x56, 0x57, 0x6c, 0x6d,
    0x75, 0x76, 0x77, 0x78, 0x2a5, 0x1f0f, 0x1f10, 0x1f14,
    0x1f15, 0x1f16, 0x1f17, 0x1f19, 0x1f1a, 0x1f1e, 0x1f22, 0x1f35,
    0x1f36, 0x1fa8, 0x201e, 0x210b, 0x210d, 0x2116, 0x211a, 0x2144,
    0x215c, 0x2160, 0x2161
};

/*Collect the unicode lists and glyph_id offsets*/
static const lv_font_fmt_txt_cmap_t cmaps[] =
{
    {
        .range_start = 32, .range_length = 60, .glyph_id_start = 1,
        .unicode_list = NULL, .glyph_id_ofs_list = NULL, .list_length = 0, .type = LV_FONT_FMT_TXT_CMAP_FORMAT0_TINY
    },
    {
        .range_start = 93, .range_length = 34, .glyph_id_start = 61,
        .unicode_list = NULL, .glyph_id_ofs_list = NULL, .list_length = 0, .type = LV_FONT_FMT_TXT_CMAP_FORMAT0_TINY
    },
    {
        .range_start = 167, .range_length = 21, .glyph_id_start = 95,
        .unicode_list = unicode_list_2, .glyph_id_ofs_list = NULL, .list_length = 9, .type = LV_FONT_FMT_TXT_CMAP_SPARSE_TINY
    },
    {
        .range_start = 192, .range_length = 64, .glyph_id_start = 104,
        .unicode_list = NULL, .glyph_id_ofs_list = NULL, .list_length = 0, .type = LV_FONT_FMT_TXT_CMAP_FORMAT0_TINY
    },
    {
        .range_start = 260, .range_length = 8546, .glyph_id_start = 168,
        .unicode_list = unicode_list_4, .glyph_id_ofs_list = NULL, .list_length = 43, .type = LV_FONT_FMT_TXT_CMAP_SPARSE_TINY
    }
};

/*-----------------
 *    KERNING
 *----------------*/


/*Pair left and right glyphs for kerning*/
static const uint8_t kern_pair_glyph_ids[] =
{
    3, 3,
    3, 8,
    3, 191,
    3, 192,
    3, 194,
    3, 195,
    8, 3,
    8, 8,
    8, 191,
    8, 192,
    8, 194,
    8, 195,
    13, 3,
    13, 8,
    13, 191,
    13, 192,
    13, 194,
    13, 195,
    15, 3,
    15, 8,
    15, 191,
    15, 192,
    15, 194,
    15, 195,
    16, 16,
    191, 3,
    191, 8,
    191, 191,
    191, 192,
    191, 194,
    191, 195,
    192, 3,
    192, 8,
    192, 191,
    192, 192,
    192, 194,
    192, 195,
    193, 3,
    193, 8,
    193, 191,
    193, 192,
    193, 194,
    193, 195,
    194, 3,
    194, 8,
    194, 191,
    194, 192,
    194, 194,
    194, 195,
    195, 3,
    195, 8,
    195, 191,
    195, 192,
    195, 194,
    195, 195,
    196, 3,
    196, 8,
    196, 191,
    196, 192,
    196, 194,
    196, 195,
    198, 3,
    198, 8,
    198, 191,
    198, 192,
    198, 194,
    198, 195
};

/* Kerning between the respective left and right glyphs
 * 4.4 format which needs to scaled with `kern_scale`*/
static const int8_t kern_pair_values[] =
{
    -12, -12, -12, -12, -12, -12, -12, -12,
    -12, -12, -12, -12, -56, -56, -56, -56,
    -56, -56, -56, -56, -56, -56, -56, -56,
    -53, -12, -12, -12, -12, -12, -12, -12,
    -12, -12, -12, -12, -12, -56, -56, -56,
    -56, -56, -56, -12, -12, -12, -12, -12,
    -12, -12, -12, -12, -12, -12, -12, -56,
    -56, -56, -56, -56, -56, -56, -56, -56,
    -56, -56, -56
};

/*Collect the kern pair's data in one place*/
static const lv_font_fmt_txt_kern_pair_t kern_pairs =
{
    .glyph_ids = kern_pair_glyph_ids,
    .values = kern_pair_values,
    .pair_cnt = 67,
    .glyph_ids_size = 0
};

/*--------------------
 *  ALL CUSTOM DATA
 *--------------------*/

#if LVGL_VERSION_MAJOR == 8
/*Store all the custom data of the font*/
static  lv_font_fmt_txt_glyph_cache_t cache;
#endif

#if LVGL_VERSION_MAJOR >= 8
static const lv_font_fmt_txt_dsc_t font_dsc = {
#else
static lv_font_fmt_txt_dsc_t font_dsc = {
#endif
    .glyph_bitmap = glyph_bitmap,
    .glyph_dsc = glyph_dsc,
    .cmaps = cmaps,
    .kern_dsc = &kern_pairs,
    .kern_scale = 16,
    .cmap_num = 5,
    .bpp = 4,
    .kern_classes = 0,
    .bitmap_format = 1,
#if LVGL_VERSION_MAJOR == 8
    .cache = &cache
#endif
};



/*-----------------
 *  PUBLIC FONT
 *----------------*/

/*Initialize a public general font descriptor*/
#if LVGL_VERSION_MAJOR >= 8
const lv_font_t lv_font_roboto_hu_28 = {
#else
lv_font_t lv_font_roboto_hu_28 = {
#endif
    .get_glyph_dsc = lv_font_get_glyph_dsc_fmt_txt,    /*Function pointer to get glyph's data*/
    .get_glyph_bitmap = lv_font_get_bitmap_fmt_txt,    /*Function pointer to get glyph's bitmap*/
    .line_height = 34,          /*The maximum line height required by the font*/
    .base_line = 7,             /*Baseline measured from the bottom of the line*/
#if !(LVGL_VERSION_MAJOR == 6 && LVGL_VERSION_MINOR == 0)
    .subpx = LV_FONT_SUBPX_NONE,
#endif
#if LV_VERSION_CHECK(7, 4, 0) || LVGL_VERSION_MAJOR >= 8
    .underline_position = -2,
    .underline_thickness = 1,
#endif
    .dsc = &font_dsc,          /*The custom font data. Will be accessed by `get_glyph_bitmap/dsc` */
#if LV_VERSION_CHECK(8, 2, 0) || LVGL_VERSION_MAJOR >= 9
    .fallback = NULL,
#endif
    .user_data = NULL,
};



#endif /*#if LV_FONT_ROBOTO_HU_28*/

